﻿title,link,citation_id,authors,publication,year,cited_by.value,cited_by.link,cited_by.serpapi_link,cited_by.cites_id
Prediction of Leaf Blotch in Turmeric Plant,https://scholar.google.com/citations?view_op=view_citation&hl=en&user=T0awB0MAAAAJ&pagesize=100&citation_for_view=T0awB0MAAAAJ:9yKSN-GCB0IC,T0awB0MAAAAJ:9yKSN-GCB0IC,"MR Chougala, AC Ramachandra","Emerging Research in Computing, Information, Communication and Applications …, 2021",2021,3.0,https://scholar.google.com/scholar?oi=bibs&hl=en&cites=16795643284040422145,https://serpapi.com/search.json?cites=16795643284040422145&engine=google_scholar&hl=en,16795643284040422145
TotCareBot: A Comprehensive Approach Towards Enhancing Early Childhood Education through Robotics,https://scholar.google.com/citations?view_op=view_citation&hl=en&user=T0awB0MAAAAJ&pagesize=100&citation_for_view=T0awB0MAAAAJ:2osOgNQ5qMEC,T0awB0MAAAAJ:2osOgNQ5qMEC,"MR Chougala, B Sushma, AS Bhayyar, A Bhandarkar, PN Pavithra","2024 5th International Conference on Circuits, Control, Communication and …, 2024",2024,,,,
"IEEE 2024 5th International Conference on Circuits, Control, Communication and Computing (I4C) 4-5 October 2024",https://scholar.google.com/citations?view_op=view_citation&hl=en&user=T0awB0MAAAAJ&pagesize=100&citation_for_view=T0awB0MAAAAJ:u5HHmVD_uO8C,T0awB0MAAAAJ:u5HHmVD_uO8C,"AS Sumedini, A Farithkhan, AS Nathan, A Bhandarkar, AH Hulibandi, ...",,2024,,,,
"Turmeric Rhizome’s Colour, Size and Edge based Approach for Identification of Variety",https://scholar.google.com/citations?view_op=view_citation&hl=en&user=T0awB0MAAAAJ&pagesize=100&citation_for_view=T0awB0MAAAAJ:d1gkVwhDpl0C,T0awB0MAAAAJ:d1gkVwhDpl0C,"MR Chougala, AC Ramachandra",,,,,,
Measurement of Leaf Spot Disease Severity in Turmeric Plant,https://scholar.google.com/citations?view_op=view_citation&hl=en&user=T0awB0MAAAAJ&pagesize=100&citation_for_view=T0awB0MAAAAJ:u-x6o8ySG0sC,T0awB0MAAAAJ:u-x6o8ySG0sC,"MR Chougala, AC Ramachandra",,,,,,
