﻿title,link,citation_id,authors,publication,year,cited_by.value,cited_by.link,cited_by.serpapi_link,cited_by.cites_id
Survey of bandwidth estimation techniques in communication networks,https://scholar.google.com/citations?view_op=view_citation&hl=en&user=daxojLsAAAAJ&pagesize=100&citation_for_view=daxojLsAAAAJ:2osOgNQ5qMEC,daxojLsAAAAJ:2osOgNQ5qMEC,"SS Chaudhari, RC Biradar","wireless personal communications 83 (2), 1425-1476, 2015",2015,90.0,https://scholar.google.com/scholar?oi=bibs&hl=en&cites=6984315069878216499,https://serpapi.com/search.json?cites=6984315069878216499&engine=google_scholar&hl=en,6984315069878216499
An efficient approach for enhancing security in Internet of Things using the optimum authentication key,https://scholar.google.com/citations?view_op=view_citation&hl=en&user=daxojLsAAAAJ&pagesize=100&citation_for_view=daxojLsAAAAJ:UebtZRa9Y70C,daxojLsAAAAJ:UebtZRa9Y70C,"G Kalyani, S Chaudhari","International Journal of Computers and Applications 42 (3), 306-314, 2020",2020,72.0,https://scholar.google.com/scholar?oi=bibs&hl=en&cites=16351103305095029288,https://serpapi.com/search.json?cites=16351103305095029288&engine=google_scholar&hl=en,16351103305095029288
Ingredient/recipe algorithm using web mining and web scraping for smart chef,https://scholar.google.com/citations?view_op=view_citation&hl=en&user=daxojLsAAAAJ&pagesize=100&citation_for_view=daxojLsAAAAJ:M3ejUd6NZC8C,daxojLsAAAAJ:M3ejUd6NZC8C,"S Chaudhari, R Aparna, VG Tekkur, GL Pavan, SR Karki","2020 IEEE International Conference on Electronics, Computing and …, 2020",2020,38.0,https://scholar.google.com/scholar?oi=bibs&hl=en&cites=7464622384358955472,https://serpapi.com/search.json?cites=7464622384358955472&engine=google_scholar&hl=en,7464622384358955472
"Performance analysis of CNN, Alexnet and vggnet models for drought prediction using satellite images",https://scholar.google.com/citations?view_op=view_citation&hl=en&user=daxojLsAAAAJ&pagesize=100&citation_for_view=daxojLsAAAAJ:qUcmZB5y_30C,daxojLsAAAAJ:qUcmZB5y_30C,"S Chaudhari, V Sardar, DS Rahul, M Chandan, MS Shivakale, KR Harini","2021 Asian Conference on Innovation in Technology (ASIANCON), 1-6, 2021",2021,32.0,https://scholar.google.com/scholar?oi=bibs&hl=en&cites=3623255349903214335,https://serpapi.com/search.json?cites=3623255349903214335&engine=google_scholar&hl=en,3623255349903214335
Traffic and mobility aware resource prediction using cognitive agent in mobile ad hoc networks,https://scholar.google.com/citations?view_op=view_citation&hl=en&user=daxojLsAAAAJ&pagesize=100&citation_for_view=daxojLsAAAAJ:zYLM7Y9cAGgC,daxojLsAAAAJ:zYLM7Y9cAGgC,"SS Chaudhari, RC Biradar","Journal of Network and Computer Applications 72, 87-103, 2016",2016,29.0,https://scholar.google.com/scholar?oi=bibs&hl=en&cites=12318246156041193734,https://serpapi.com/search.json?cites=12318246156041193734&engine=google_scholar&hl=en,12318246156041193734
Convolution neural network-based agriculture drought prediction using satellite images,https://scholar.google.com/citations?view_op=view_citation&hl=en&user=daxojLsAAAAJ&pagesize=100&citation_for_view=daxojLsAAAAJ:4JMBOYKVnBMC,daxojLsAAAAJ:4JMBOYKVnBMC,"VS Sardar, KM Yindumathi, SS Chaudhari, P Ghosh","2021 IEEE Mysore sub section international conference (MysuruCon), 601-607, 2021",2021,26.0,https://scholar.google.com/scholar?oi=bibs&hl=en&cites=16210056677234142736,https://serpapi.com/search.json?cites=16210056677234142736&engine=google_scholar&hl=en,16210056677234142736
Cluster-based data aggregation for pest identification in coffee plantations using wireless sensor networks,https://scholar.google.com/citations?view_op=view_citation&hl=en&user=daxojLsAAAAJ&pagesize=100&citation_for_view=daxojLsAAAAJ:u-x6o8ySG0sC,daxojLsAAAAJ:u-x6o8ySG0sC,"RZ Ahmed, RC Biradar, SS Chaudhari","Computers & Electrical Engineering 56, 591-607, 2016",2016,24.0,https://scholar.google.com/scholar?oi=bibs&hl=en&cites=3457342881306090847,https://serpapi.com/search.json?cites=3457342881306090847&engine=google_scholar&hl=en,3457342881306090847
Analysis of image classification for text extraction from bills and invoices,https://scholar.google.com/citations?view_op=view_citation&hl=en&user=daxojLsAAAAJ&pagesize=100&citation_for_view=daxojLsAAAAJ:4DMP91E08xMC,daxojLsAAAAJ:4DMP91E08xMC,"KM Yindumathi, SS Chaudhari, R Aparna","2020 11th International Conference on Computing, Communication and …, 2020",2020,23.0,https://scholar.google.com/scholar?oi=bibs&hl=en&cites=12462504281403999755,https://serpapi.com/search.json?cites=12462504281403999755&engine=google_scholar&hl=en,12462504281403999755
Data privacy preservation in MAC aware Internet of things with optimized key generation,https://scholar.google.com/citations?view_op=view_citation&hl=en&user=daxojLsAAAAJ&pagesize=100&citation_for_view=daxojLsAAAAJ:5nxA0vEk-isC,daxojLsAAAAJ:5nxA0vEk-isC,"G Kalyani, S Chaudhari","Journal of King Saud University-Computer and Information Sciences 34 (5 …, 2022",2022,20.0,https://scholar.google.com/scholar?oi=bibs&hl=en&cites=2994068016852335233,https://serpapi.com/search.json?cites=2994068016852335233&engine=google_scholar&hl=en,2994068016852335233
Performance analysis of blockchain-based medical records management system,https://scholar.google.com/citations?view_op=view_citation&hl=en&user=daxojLsAAAAJ&pagesize=100&citation_for_view=daxojLsAAAAJ:qxL8FJ1GzNcC,daxojLsAAAAJ:qxL8FJ1GzNcC,"AS Koushik, B Jain, N Menon, D Lohia, S Chaudhari, VK BP","2019 4th International Conference on Recent Trends on Electronics …, 2019",2019,19.0,https://scholar.google.com/scholar?oi=bibs&hl=en&cites=2467702393024067208,https://serpapi.com/search.json?cites=2467702393024067208&engine=google_scholar&hl=en,2467702393024067208
Collision probability based available bandwidth estimation in mobile ad hoc networks,https://scholar.google.com/citations?view_op=view_citation&hl=en&user=daxojLsAAAAJ&pagesize=100&citation_for_view=daxojLsAAAAJ:UeHWp8X0CEIC,daxojLsAAAAJ:UeHWp8X0CEIC,"SS Chaudhari, RC Biradar","The Fifth International Conference on the Applications of Digital …, 2014",2014,19.0,https://scholar.google.com/scholar?oi=bibs&hl=en&cites=8893583096636510213,https://serpapi.com/search.json?cites=8893583096636510213&engine=google_scholar&hl=en,8893583096636510213
Drought classification and prediction with satellite image-based indices using variants of deep learning models,https://scholar.google.com/citations?view_op=view_citation&hl=en&user=daxojLsAAAAJ&pagesize=100&citation_for_view=daxojLsAAAAJ:RGFaLdJalmkC,daxojLsAAAAJ:RGFaLdJalmkC,"S Chaudhari, V Sardar, P Ghosh","International Journal of Information Technology 15 (7), 3463-3472, 2023",2023,18.0,https://scholar.google.com/scholar?oi=bibs&hl=en&cites=6058306143262756694,https://serpapi.com/search.json?cites=6058306143262756694&engine=google_scholar&hl=en,6058306143262756694
A survey on multipath routing techniques in wireless sensor networks,https://scholar.google.com/citations?view_op=view_citation&hl=en&user=daxojLsAAAAJ&pagesize=100&citation_for_view=daxojLsAAAAJ:dhFuZR0502QC,daxojLsAAAAJ:dhFuZR0502QC,S Chaudhari,"International Journal of Networking and Virtual Organisations 24 (3), 267-328, 2021",2021,18.0,https://scholar.google.com/scholar?oi=bibs&hl=en&cites=11663378195430613374,https://serpapi.com/search.json?cites=11663378195430613374&engine=google_scholar&hl=en,11663378195430613374
Cluster-based authentication for machine type communication in LTE network using elliptic curve cryptography,https://scholar.google.com/citations?view_op=view_citation&hl=en&user=daxojLsAAAAJ&pagesize=100&citation_for_view=daxojLsAAAAJ:4TOpqqG69KYC,daxojLsAAAAJ:4TOpqqG69KYC,"KK Jyothi, S Chaudhari","International Journal of Cloud Computing 9 (2-3), 258-284, 2020",2020,14.0,https://scholar.google.com/scholar?oi=bibs&hl=en&cites=3427684841633502093,https://serpapi.com/search.json?cites=3427684841633502093&engine=google_scholar&hl=en,3427684841633502093
"Available bandwidth estimation using collision probability, idle period synchronization and random waiting time in MANETs: cognitive agent based approach",https://scholar.google.com/citations?view_op=view_citation&hl=en&user=daxojLsAAAAJ&pagesize=100&citation_for_view=daxojLsAAAAJ:9yKSN-GCB0IC,daxojLsAAAAJ:9yKSN-GCB0IC,"SS Chaudhari, RC Biradar","Wireless personal communications 85 (3), 597-621, 2015",2015,14.0,https://scholar.google.com/scholar?oi=bibs&hl=en&cites=5293663984510219551,https://serpapi.com/search.json?cites=5293663984510219551&engine=google_scholar&hl=en,5293663984510219551
Optimized neural network model for attack detection in LTE network,https://scholar.google.com/citations?view_op=view_citation&hl=en&user=daxojLsAAAAJ&pagesize=100&citation_for_view=daxojLsAAAAJ:9ZlFYXVOiuMC,daxojLsAAAAJ:9ZlFYXVOiuMC,"KK Jyothi, S Chaudhari","Computers & Electrical Engineering 88, 106879, 2020",2020,13.0,https://scholar.google.com/scholar?oi=bibs&hl=en&cites=13712300370297725523,https://serpapi.com/search.json?cites=13712300370297725523&engine=google_scholar&hl=en,13712300370297725523
Survey on data integrity and verification for cloud storage,https://scholar.google.com/citations?view_op=view_citation&hl=en&user=daxojLsAAAAJ&pagesize=100&citation_for_view=daxojLsAAAAJ:Wp0gIr-vW9MC,daxojLsAAAAJ:Wp0gIr-vW9MC,"SR Pujar, SS Chaudhari, R Aparna","2020 11th International Conference on Computing, Communication and …, 2020",2020,13.0,https://scholar.google.com/scholar?oi=bibs&hl=en&cites=17441015820272439514,https://serpapi.com/search.json?cites=17441015820272439514&engine=google_scholar&hl=en,17441015820272439514
A secure cluster-based authentication and key management protocol for machine-type communication in the LTE network,https://scholar.google.com/citations?view_op=view_citation&hl=en&user=daxojLsAAAAJ&pagesize=100&citation_for_view=daxojLsAAAAJ:8k81kl-MbHgC,daxojLsAAAAJ:8k81kl-MbHgC,"K Krishna Jyothi, S Chaudhari","International Journal of Computers and Applications 44 (12), 1150-1160, 2022",2022,11.0,https://scholar.google.com/scholar?oi=bibs&hl=en&cites=12006996712768716952,https://serpapi.com/search.json?cites=12006996712768716952&engine=google_scholar&hl=en,12006996712768716952
Resource prediction using wavelet neural network in mobile ad-hoc networks,https://scholar.google.com/citations?view_op=view_citation&hl=en&user=daxojLsAAAAJ&pagesize=100&citation_for_view=daxojLsAAAAJ:d1gkVwhDpl0C,daxojLsAAAAJ:d1gkVwhDpl0C,"SS Chaudhari, RC Biradar","2014 International Conference on Advances in Electronics Computers and …, 2014",2014,10.0,https://scholar.google.com/scholar?oi=bibs&hl=en&cites=4987444436627943470,https://serpapi.com/search.json?cites=4987444436627943470&engine=google_scholar&hl=en,4987444436627943470
A novel block chain based cluster head authentication protocol for machine-type communication in LTE network: statistical analysis on attack detection,https://scholar.google.com/citations?view_op=view_citation&hl=en&user=daxojLsAAAAJ&pagesize=100&citation_for_view=daxojLsAAAAJ:YOwf2qJgpHMC,daxojLsAAAAJ:YOwf2qJgpHMC,"KK Jyothi, S Chaudhari","Journal of King Saud University-Computer and Information Sciences 34 (6 …, 2022",2022,9.0,https://scholar.google.com/scholar?oi=bibs&hl=en&cites=14952539789665399542,https://serpapi.com/search.json?cites=14952539789665399542&engine=google_scholar&hl=en,14952539789665399542
"Comparative study of CNN, VGG16 with LSTM and VGG16 with Bidirectional LSTM using kitchen activity dataset",https://scholar.google.com/citations?view_op=view_citation&hl=en&user=daxojLsAAAAJ&pagesize=100&citation_for_view=daxojLsAAAAJ:_Qo2XoVZTnwC,daxojLsAAAAJ:_Qo2XoVZTnwC,"R Aparna, CK Chitralekha","2021 Fifth International Conference on I-SMAC (IoT in Social, Mobile …, 2021",2021,9.0,https://scholar.google.com/scholar?oi=bibs&hl=en&cites=7564933758862700736,https://serpapi.com/search.json?cites=7564933758862700736&engine=google_scholar&hl=en,7564933758862700736
Ensemble learning with CNN and BMO for drought prediction,https://scholar.google.com/citations?view_op=view_citation&hl=en&user=daxojLsAAAAJ&pagesize=100&citation_for_view=daxojLsAAAAJ:isC4tDSrTZIC,daxojLsAAAAJ:isC4tDSrTZIC,"V Sardar, S Chaudhari, A Anchalia, A Kakati, A Paudel, B BN","2022 IEEE 3rd Global Conference for Advancement in Technology (GCAT), 1-6, 2022",2022,8.0,https://scholar.google.com/scholar?oi=bibs&hl=en&cites=6377878696307643096,https://serpapi.com/search.json?cites=6377878696307643096&engine=google_scholar&hl=en,6377878696307643096
Cross layer security MAC aware routing protocol for IoT networks,https://scholar.google.com/citations?view_op=view_citation&hl=en&user=daxojLsAAAAJ&pagesize=100&citation_for_view=daxojLsAAAAJ:-f6ydRqryjwC,daxojLsAAAAJ:-f6ydRqryjwC,"G Kalyani, S Chaudhari","Wireless Personal Communications 123 (1), 935-957, 2022",2022,8.0,https://scholar.google.com/scholar?oi=bibs&hl=en&cites=11907280345323376428,https://serpapi.com/search.json?cites=11907280345323376428&engine=google_scholar&hl=en,11907280345323376428
An Effective IOT based Driver's Drowsiness Detection and Monitoring System to Avoid Real-Time Road Accidents,https://scholar.google.com/citations?view_op=view_citation&hl=en&user=daxojLsAAAAJ&pagesize=100&citation_for_view=daxojLsAAAAJ:TFP_iSt0sucC,daxojLsAAAAJ:TFP_iSt0sucC,"N Qureshi, S Chaudhari, JS Kallimani","2022 IEEE 3rd Global Conference for Advancement in Technology (GCAT), 1-7, 2022",2022,7.0,https://scholar.google.com/scholar?oi=bibs&hl=en&cites=3782831525736587526,https://serpapi.com/search.json?cites=3782831525736587526&engine=google_scholar&hl=en,3782831525736587526
Generating high‐fidelity synthetic battery parameter data: Solving sparse dataset challenges,https://scholar.google.com/citations?view_op=view_citation&hl=en&user=daxojLsAAAAJ&pagesize=100&citation_for_view=daxojLsAAAAJ:IWHjjKOFINEC,daxojLsAAAAJ:IWHjjKOFINEC,"M Lakshminarayanan, J Channegowda, A Herle, D Prabhu, S Chaudhari","International Journal of Energy Research 45 (11), 16856-16864, 2021",2021,7.0,https://scholar.google.com/scholar?oi=bibs&hl=en&cites=3344134306970833207,https://serpapi.com/search.json?cites=3344134306970833207&engine=google_scholar&hl=en,3344134306970833207
Survey on 6LoWPAN security protocols in IoT communication,https://scholar.google.com/citations?view_op=view_citation&hl=en&user=daxojLsAAAAJ&pagesize=100&citation_for_view=daxojLsAAAAJ:ULOm3_A8WrAC,daxojLsAAAAJ:ULOm3_A8WrAC,"G Kalyani, S Chaudhari","ICDSMLA 2019: Proceedings of the 1st International Conference on Data …, 2020",2020,7.0,https://scholar.google.com/scholar?oi=bibs&hl=en&cites=2629843794063139232,https://serpapi.com/search.json?cites=2629843794063139232&engine=google_scholar&hl=en,2629843794063139232
Framework for the automation of SDLC phases using artificial intelligence and machine learning techniques,https://scholar.google.com/citations?view_op=view_citation&hl=en&user=daxojLsAAAAJ&pagesize=100&citation_for_view=daxojLsAAAAJ:_xSYboBqXhAC,daxojLsAAAAJ:_xSYboBqXhAC,"SP Shankar, SS Chaudhari","International Journal on Recent and Innovation Trends in Computing and …, 2023",2023,6.0,https://scholar.google.com/scholar?oi=bibs&hl=en&cites=615971562829678929,https://serpapi.com/search.json?cites=615971562829678929&engine=google_scholar&hl=en,615971562829678929
Alarm pattern recognition in continuous process control systems using data mining,https://scholar.google.com/citations?view_op=view_citation&hl=en&user=daxojLsAAAAJ&pagesize=100&citation_for_view=daxojLsAAAAJ:bEWYMUwI8FkC,daxojLsAAAAJ:bEWYMUwI8FkC,"C Belavadi, VS Sardar, SS Chaudhari","International Journal of Computing 21 (3), 333-341, 2022",2022,6.0,https://scholar.google.com/scholar?oi=bibs&hl=en&cites=1476627392084963531,https://serpapi.com/search.json?cites=1476627392084963531&engine=google_scholar&hl=en,1476627392084963531
Coarse-to-fine secure image deduplication with merkle-hash and image features for cloud storage,https://scholar.google.com/citations?view_op=view_citation&hl=en&user=daxojLsAAAAJ&pagesize=100&citation_for_view=daxojLsAAAAJ:hC7cP41nSMkC,daxojLsAAAAJ:hC7cP41nSMkC,"DP Akarsha, S Chaudhari, R Apama","2021 Asian Conference on Innovation in Technology (ASIANCON), 1-6, 2021",2021,6.0,https://scholar.google.com/scholar?oi=bibs&hl=en&cites=7135912717152893559,https://serpapi.com/search.json?cites=7135912717152893559&engine=google_scholar&hl=en,7135912717152893559
Structured data extraction using machine learning from image of unstructured bills/invoices,https://scholar.google.com/citations?view_op=view_citation&hl=en&user=daxojLsAAAAJ&pagesize=100&citation_for_view=daxojLsAAAAJ:7PzlFSSx8tAC,daxojLsAAAAJ:7PzlFSSx8tAC,"KM Yindumathi, SS Chaudhari, R Aparna","Smart Computing Techniques and Applications: Proceedings of the Fourth …, 2021",2021,6.0,https://scholar.google.com/scholar?oi=bibs&hl=en&cites=2448865334859515587,https://serpapi.com/search.json?cites=2448865334859515587&engine=google_scholar&hl=en,2448865334859515587
Secure deduplication for images using blockchain,https://scholar.google.com/citations?view_op=view_citation&hl=en&user=daxojLsAAAAJ&pagesize=100&citation_for_view=daxojLsAAAAJ:aqlVkmm33-oC,daxojLsAAAAJ:aqlVkmm33-oC,"R Aparna, RG Kulkarni, S Chaudhari","2020 IEEE International Conference on Electronics, Computing and …, 2020",2020,6.0,https://scholar.google.com/scholar?oi=bibs&hl=en&cites=10219596369407124899,https://serpapi.com/search.json?cites=10219596369407124899&engine=google_scholar&hl=en,10219596369407124899
A survey on Geographic Multipath Routing Techniques in Wireless Sensor Networks,https://scholar.google.com/citations?view_op=view_citation&hl=en&user=daxojLsAAAAJ&pagesize=100&citation_for_view=daxojLsAAAAJ:_FxGoFyzp5QC,daxojLsAAAAJ:_FxGoFyzp5QC,"D Roopa, S Chaudhari","2019 5th International Conference on Advanced Computing & Communication …, 2019",2019,6.0,https://scholar.google.com/scholar?oi=bibs&hl=en&cites=18340330993514864307,https://serpapi.com/search.json?cites=18340330993514864307&engine=google_scholar&hl=en,18340330993514864307
Enhanced Privacy Preservation in the Routing layer with Variable-length packet data for Attack Free IoT Sector.,https://scholar.google.com/citations?view_op=view_citation&hl=en&user=daxojLsAAAAJ&pagesize=100&citation_for_view=daxojLsAAAAJ:QIV2ME_5wuYC,daxojLsAAAAJ:QIV2ME_5wuYC,"G Kalyani, S Chaudhari","Journal of Engineering Science & Technology Review 14 (1), 2021",2021,5.0,https://scholar.google.com/scholar?oi=bibs&hl=en&cites=6532206446294959455,https://serpapi.com/search.json?cites=6532206446294959455&engine=google_scholar&hl=en,6532206446294959455
Survey on MTC group authentication and key management for MTC in LTE networks,https://scholar.google.com/citations?view_op=view_citation&hl=en&user=daxojLsAAAAJ&pagesize=100&citation_for_view=daxojLsAAAAJ:Zph67rFs4hoC,daxojLsAAAAJ:Zph67rFs4hoC,"KK Jyothi, S Chaudhari","ICDSMLA 2019: Proceedings of the 1st International Conference on Data …, 2020",2020,5.0,https://scholar.google.com/scholar?oi=bibs&hl=en&cites=2543698571501612866,https://serpapi.com/search.json?cites=2543698571501612866&engine=google_scholar&hl=en,2543698571501612866
Resource prediction based routing using wavelet neural network in mobile ad-hoc networks,https://scholar.google.com/citations?view_op=view_citation&hl=en&user=daxojLsAAAAJ&pagesize=100&citation_for_view=daxojLsAAAAJ:eQOLeE2rZwMC,daxojLsAAAAJ:eQOLeE2rZwMC,"SS Chaudhari, RC Biradar","International Conference on Circuits, Communication, Control and Computing …, 2014",2014,5.0,https://scholar.google.com/scholar?oi=bibs&hl=en&cites=16926769263693005467,https://serpapi.com/search.json?cites=16926769263693005467&engine=google_scholar&hl=en,16926769263693005467
Available bandwidth prediction using wavelet neural network in mobile ad-hoc networks,https://scholar.google.com/citations?view_op=view_citation&hl=en&user=daxojLsAAAAJ&pagesize=100&citation_for_view=daxojLsAAAAJ:Tyk-4Ss8FVUC,daxojLsAAAAJ:Tyk-4Ss8FVUC,"SS Chaudhari, RC Biradar","International Conference on Circuits, Communication, Control and Computing …, 2014",2014,5.0,https://scholar.google.com/scholar?oi=bibs&hl=en&cites=12335014502170207586,https://serpapi.com/search.json?cites=12335014502170207586&engine=google_scholar&hl=en,12335014502170207586
Bio-Inspired Based Optimization of Machine Learning Techniques for Energy Efficient Routing for UWSN,https://scholar.google.com/citations?view_op=view_citation&hl=en&user=daxojLsAAAAJ&pagesize=100&citation_for_view=daxojLsAAAAJ:dfsIfKJdRG4C,daxojLsAAAAJ:dfsIfKJdRG4C,"VR Patil, A Kanavalli, S Chaudhari, KS Aisiri","SN Computer Science 5 (8), 983, 2024",2024,4.0,https://scholar.google.com/scholar?oi=bibs&hl=en&cites=7018692958138019808,https://serpapi.com/search.json?cites=7018692958138019808&engine=google_scholar&hl=en,7018692958138019808
Survey of image deduplication for cloud storage,https://scholar.google.com/citations?view_op=view_citation&hl=en&user=daxojLsAAAAJ&pagesize=100&citation_for_view=daxojLsAAAAJ:vV6vV6tmYwMC,daxojLsAAAAJ:vV6vV6tmYwMC,"S Chaudhari, R Aparna","System research and information technologies, 113-134, 2023",2023,4.0,https://scholar.google.com/scholar?oi=bibs&hl=en&cites=10274341308272995001,https://serpapi.com/search.json?cites=10274341308272995001&engine=google_scholar&hl=en,10274341308272995001
A Survey on Proxy Re-Signature Schemes for Translating One Type of Signature to Another,https://scholar.google.com/citations?view_op=view_citation&hl=en&user=daxojLsAAAAJ&pagesize=100&citation_for_view=daxojLsAAAAJ:TQgYirikUcIC,daxojLsAAAAJ:TQgYirikUcIC,"S Chaudhari, R Aparna, A Rane","Cybernetics and Information Technologies 21 (3), 24-49, 2021",2021,4.0,https://scholar.google.com/scholar?oi=bibs&hl=en&cites=6107147036067535542,https://serpapi.com/search.json?cites=6107147036067535542&engine=google_scholar&hl=en,6107147036067535542
Security Aware Routing: Rule Based Attack Detection on Optimal Shortest Route Selection.,https://scholar.google.com/citations?view_op=view_citation&hl=en&user=daxojLsAAAAJ&pagesize=100&citation_for_view=daxojLsAAAAJ:L8Ckcad2t8MC,daxojLsAAAAJ:L8Ckcad2t8MC,"G Kalyani, S Chaudhari","Adhoc & Sensor Wireless Networks 49, 2021",2021,4.0,https://scholar.google.com/scholar?oi=bibs&hl=en&cites=15661589271063095892,https://serpapi.com/search.json?cites=15661589271063095892&engine=google_scholar&hl=en,15661589271063095892
Dynamic priority-based resource allocation policy for mixed traffic in long term evolution network,https://scholar.google.com/citations?view_op=view_citation&hl=en&user=daxojLsAAAAJ&pagesize=100&citation_for_view=daxojLsAAAAJ:qjMakFHDy7sC,daxojLsAAAAJ:qjMakFHDy7sC,"H Kauser, SS Chaudhari","2016 IEEE International Conference on Recent Trends in Electronics …, 2016",2016,4.0,https://scholar.google.com/scholar?oi=bibs&hl=en&cites=8006954598003191018,https://serpapi.com/search.json?cites=8006954598003191018&engine=google_scholar&hl=en,8006954598003191018
Design of secure transmission of multimedia data using SRTP on Linux platform,https://scholar.google.com/citations?view_op=view_citation&hl=en&user=daxojLsAAAAJ&pagesize=100&citation_for_view=daxojLsAAAAJ:W7OEmFMy1HYC,daxojLsAAAAJ:W7OEmFMy1HYC,"HG Shashidhar, S Dessai, S Chaudhari","International Journal of Reconfigurable and Embedded Systems 4 (2), 2015",2015,4.0,https://scholar.google.com/scholar?oi=bibs&hl=en&cites=14529048166486407686,https://serpapi.com/search.json?cites=14529048166486407686&engine=google_scholar&hl=en,14529048166486407686
Analysis of Bio Inspired Based Hybrid Learning Model for Software Defect Prediction,https://scholar.google.com/citations?view_op=view_citation&hl=en&user=daxojLsAAAAJ&pagesize=100&citation_for_view=daxojLsAAAAJ:u_35RYKgDlwC,daxojLsAAAAJ:u_35RYKgDlwC,"SP Shankar, SS Chaudhari","SN Computer Science 5 (7), 825, 2024",2024,3.0,https://scholar.google.com/scholar?oi=bibs&hl=en&cites=12488570930283149409,https://serpapi.com/search.json?cites=12488570930283149409&engine=google_scholar&hl=en,12488570930283149409
Software Defect Predictor and Classifier Tool Using Machine Learning Techniques,https://scholar.google.com/citations?view_op=view_citation&hl=en&user=daxojLsAAAAJ&pagesize=100&citation_for_view=daxojLsAAAAJ:fPk4N6BV_jEC,daxojLsAAAAJ:fPk4N6BV_jEC,"SP Shankar, D Pushp, N Makadia, R Dubey, A Nayak, SS Chaudhari","2023 International Conference on Network, Multimedia and Information …, 2023",2023,3.0,https://scholar.google.com/scholar?oi=bibs&hl=en&cites=14631241417725804028,https://serpapi.com/search.json?cites=14631241417725804028&engine=google_scholar&hl=en,14631241417725804028
DDoS attacks analysis with cyber data forensics using weighted logistic regression and random forest,https://scholar.google.com/citations?view_op=view_citation&hl=en&user=daxojLsAAAAJ&pagesize=100&citation_for_view=daxojLsAAAAJ:YFjsv_pBGBYC,daxojLsAAAAJ:YFjsv_pBGBYC,"J Tolanur, S Chaudhari","2023 International conference on device intelligence, computing and …, 2023",2023,3.0,https://scholar.google.com/scholar?oi=bibs&hl=en&cites=8210880613362162350,https://serpapi.com/search.json?cites=8210880613362162350&engine=google_scholar&hl=en,8210880613362162350
Video Deduplication using CNN (Conv2d) and SHA-256 hashing,https://scholar.google.com/citations?view_op=view_citation&hl=en&user=daxojLsAAAAJ&pagesize=100&citation_for_view=daxojLsAAAAJ:hMod-77fHWUC,daxojLsAAAAJ:hMod-77fHWUC,"PJ Sriraksha, S Chaudhari, R Aparna","2022 Fourth International Conference on Cognitive Computing and Information …, 2022",2022,3.0,https://scholar.google.com/scholar?oi=bibs&hl=en&cites=572518104610117690,https://serpapi.com/search.json?cites=572518104610117690&engine=google_scholar&hl=en,572518104610117690
Intelligent hybrid model for drought assessment coupled with bio-inspired techniques,https://scholar.google.com/citations?view_op=view_citation&hl=en&user=daxojLsAAAAJ&pagesize=100&citation_for_view=daxojLsAAAAJ:maZDTaKrznsC,daxojLsAAAAJ:maZDTaKrznsC,"V Sardar, S Chaudhari, A Anchalia, A Kakati, A Paudel, B BN","2022 IEEE 2nd Mysore Sub Section International Conference (MysuruCon), 1-6, 2022",2022,3.0,https://scholar.google.com/scholar?oi=bibs&hl=en&cites=7388008101150664867,https://serpapi.com/search.json?cites=7388008101150664867&engine=google_scholar&hl=en,7388008101150664867
A nutrition-based smart recipe recommender for healthy living,https://scholar.google.com/citations?view_op=view_citation&hl=en&user=daxojLsAAAAJ&pagesize=100&citation_for_view=daxojLsAAAAJ:k_IJM867U9cC,daxojLsAAAAJ:k_IJM867U9cC,"LA Shubhashree, S Chaudhari, R Aparna","2022 IEEE 3rd Global Conference for Advancement in Technology (GCAT), 1-6, 2022",2022,3.0,https://scholar.google.com/scholar?oi=bibs&hl=en&cites=6582076229113840138,https://serpapi.com/search.json?cites=6582076229113840138&engine=google_scholar&hl=en,6582076229113840138
Outcome analysis of high tibial osteotomy in osteoarthritis of knee: A study protocol,https://scholar.google.com/citations?view_op=view_citation&hl=en&user=daxojLsAAAAJ&pagesize=100&citation_for_view=daxojLsAAAAJ:M3NEmzRMIkIC,daxojLsAAAAJ:M3NEmzRMIkIC,"S Jadhav, U Dudhekar, K Saoji, S Chaudhari","Int J Cur Res Rev 12, 105-107, 2020",2020,3.0,https://scholar.google.com/scholar?oi=bibs&hl=en&cites=13779686422341749930,https://serpapi.com/search.json?cites=13779686422341749930&engine=google_scholar&hl=en,13779686422341749930
Comparative analysis of mac scheduling algorithms in long term evolution networks using ns3,https://scholar.google.com/citations?view_op=view_citation&hl=en&user=daxojLsAAAAJ&pagesize=100&citation_for_view=daxojLsAAAAJ:mVmsd5A6BfQC,daxojLsAAAAJ:mVmsd5A6BfQC,"M Jha, K Prateek, N Jaiswal, A Anand, S Chaudhari","Asian Journal of Enginnering Technology and Innovation 4 (7), 124-127, 2016",2016,3.0,https://scholar.google.com/scholar?oi=bibs&hl=en&cites=1020432860240484553,https://serpapi.com/search.json?cites=1020432860240484553&engine=google_scholar&hl=en,1020432860240484553
Development of BSP for ARM9 Evaluation Board,https://scholar.google.com/citations?view_op=view_citation&hl=en&user=daxojLsAAAAJ&pagesize=100&citation_for_view=daxojLsAAAAJ:u5HHmVD_uO8C,daxojLsAAAAJ:u5HHmVD_uO8C,"V Pandit, S Dessai, S Chaudhari","International Journal of Reconfigurable and Embedded Systems 4 (3), 2015",2015,3.0,https://scholar.google.com/scholar?oi=bibs&hl=en&cites=1610446699254392771,https://serpapi.com/search.json?cites=1610446699254392771&engine=google_scholar&hl=en,1610446699254392771
Intelligent DDoS Attack Detection for IoT Network Scenario using NS3,https://scholar.google.com/citations?view_op=view_citation&hl=en&user=daxojLsAAAAJ&pagesize=100&citation_for_view=daxojLsAAAAJ:35N4QoGY0k4C,daxojLsAAAAJ:35N4QoGY0k4C,"SS Chaudhari, L Manjula, CS Muttur, AM Shadaksharaiah, D Preethi, ...","2023 International Conference on Integrated Intelligence and Communication …, 2023",2023,2.0,https://scholar.google.com/scholar?oi=bibs&hl=en&cites=7335668879153384466,https://serpapi.com/search.json?cites=7335668879153384466&engine=google_scholar&hl=en,7335668879153384466
A Survey on Game Theory based Interference Mitigation in WBASN,https://scholar.google.com/citations?view_op=view_citation&hl=en&user=daxojLsAAAAJ&pagesize=100&citation_for_view=daxojLsAAAAJ:r0BpntZqJG4C,daxojLsAAAAJ:r0BpntZqJG4C,"S Chaudhari, SN Aradhya, SB Thomas, S Pandey, RPS Durbha","International Journal of Sensors Wireless Communications and Control 12 (2 …, 2022",2022,2.0,https://scholar.google.com/scholar?oi=bibs&hl=en&cites=9088878928401711846,https://serpapi.com/search.json?cites=9088878928401711846&engine=google_scholar&hl=en,9088878928401711846
Accurate equivalent circuit parameter estimation using electrochemical battery modelling for pulsed load applications,https://scholar.google.com/citations?view_op=view_citation&hl=en&user=daxojLsAAAAJ&pagesize=100&citation_for_view=daxojLsAAAAJ:RHpTSmoSYBkC,daxojLsAAAAJ:RHpTSmoSYBkC,"C Bhat, J Channegowda, S Chaudhari, K Naraharisetti","2021 IEEE Mysore Sub Section International Conference (MysuruCon), 1-4, 2021",2021,2.0,https://scholar.google.com/scholar?oi=bibs&hl=en&cites=11090096175728809765,https://serpapi.com/search.json?cites=11090096175728809765&engine=google_scholar&hl=en,11090096175728809765
Simulation of Onset and Propagation of Heat within Lithium-ion Battery Pack During Thermal Runaway,https://scholar.google.com/citations?view_op=view_citation&hl=en&user=daxojLsAAAAJ&pagesize=100&citation_for_view=daxojLsAAAAJ:ZeXyd9-uunAC,daxojLsAAAAJ:ZeXyd9-uunAC,"C Bhat, J Channegowda, V George, S Chaudhari, K Naraharisetti","2021 IEEE PES/IAS PowerAfrica, 1-3, 2021",2021,2.0,https://scholar.google.com/scholar?oi=bibs&hl=en&cites=689194450021393849,https://serpapi.com/search.json?cites=689194450021393849&engine=google_scholar&hl=en,689194450021393849
Multi-objective geographic routing protocol for wireless ad-hoc networks,https://scholar.google.com/citations?view_op=view_citation&hl=en&user=daxojLsAAAAJ&pagesize=100&citation_for_view=daxojLsAAAAJ:MXK_kJrjxJIC,daxojLsAAAAJ:MXK_kJrjxJIC,"NS Arjun, SS Chaudhari","2018 3rd IEEE International Conference on Recent Trends in Electronics …, 2018",2018,2.0,https://scholar.google.com/scholar?oi=bibs&hl=en&cites=2427778876061688885,https://serpapi.com/search.json?cites=2427778876061688885&engine=google_scholar&hl=en,2427778876061688885
Resource prediction-based routing using agents in mobile ad hoc networks,https://scholar.google.com/citations?view_op=view_citation&hl=en&user=daxojLsAAAAJ&pagesize=100&citation_for_view=daxojLsAAAAJ:YsMSGLbcyi4C,daxojLsAAAAJ:YsMSGLbcyi4C,"SS Chaudhari, RC Biradar","International Journal of Communication Networks and Distributed Systems 20 …, 2018",2018,2.0,https://scholar.google.com/scholar?oi=bibs&hl=en&cites=15806103133279938932,https://serpapi.com/search.json?cites=15806103133279938932&engine=google_scholar&hl=en,15806103133279938932
Personalizing nutrition and recipe recommendation using attention mechanism with an ensemble model,https://scholar.google.com/citations?view_op=view_citation&hl=en&user=daxojLsAAAAJ&pagesize=100&citation_for_view=daxojLsAAAAJ:D03iK_w7-QYC,daxojLsAAAAJ:D03iK_w7-QYC,"S Chaudhari, A Rane, AR Kumar","Clinical eHealth 8, 66-77, 2025",2025,1.0,https://scholar.google.com/scholar?oi=bibs&hl=en&cites=12165292427165700855,https://serpapi.com/search.json?cites=12165292427165700855&engine=google_scholar&hl=en,12165292427165700855
Hash overhead analysis for gop-level video deduplication in cloud storage environment,https://scholar.google.com/citations?view_op=view_citation&hl=en&user=daxojLsAAAAJ&pagesize=100&citation_for_view=daxojLsAAAAJ:zA6iFVUQeVQC,daxojLsAAAAJ:zA6iFVUQeVQC,"S Chaudhari, R Aparna, A Anchalia, AM Somayaji, AS Kumar","2024 International Conference on Smart Systems for applications in …, 2024",2024,1.0,https://scholar.google.com/scholar?oi=bibs&hl=en&cites=15378209046417543634,https://serpapi.com/search.json?cites=15378209046417543634&engine=google_scholar&hl=en,15378209046417543634
Simulation-Based Evaluation of Multisink Routing Protocol in Underwater Network Environments,https://scholar.google.com/citations?view_op=view_citation&hl=en&user=daxojLsAAAAJ&pagesize=100&citation_for_view=daxojLsAAAAJ:rO6llkc54NcC,daxojLsAAAAJ:rO6llkc54NcC,"S Chaudhari, KS Aisiri, VR Patil, A Kanavalli, L Manjula","2024 International Conference on Smart Systems for applications in …, 2024",2024,1.0,https://scholar.google.com/scholar?oi=bibs&hl=en&cites=9141154323827464121,https://serpapi.com/search.json?cites=9141154323827464121&engine=google_scholar&hl=en,9141154323827464121
Federated vehicular tailgating detection utilizing distance and speed data analytics for intelligent transport system,https://scholar.google.com/citations?view_op=view_citation&hl=en&user=daxojLsAAAAJ&pagesize=100&citation_for_view=daxojLsAAAAJ:3s1wT3WcHBgC,daxojLsAAAAJ:3s1wT3WcHBgC,"S Velumail, SS Chaudhari, TSS Kiran","2024 10th International Conference on Communication and Signal Processing …, 2024",2024,1.0,https://scholar.google.com/scholar?oi=bibs&hl=en&cites=6719383718518785063,https://serpapi.com/search.json?cites=6719383718518785063&engine=google_scholar&hl=en,6719383718518785063
Deep Learning Framework with Convolutional Sequential Semantic Embedding for Mining High-Utility Itemsets and Top-N Recommendations.,https://scholar.google.com/citations?view_op=view_citation&hl=en&user=daxojLsAAAAJ&pagesize=100&citation_for_view=daxojLsAAAAJ:pqnbT2bcN3wC,daxojLsAAAAJ:pqnbT2bcN3wC,S Chaudhari,"Journal of Information & Communication Convergence Engineering 22 (1), 2024",2024,1.0,https://scholar.google.com/scholar?oi=bibs&hl=en&cites=14508148112380352791,https://serpapi.com/search.json?cites=14508148112380352791&engine=google_scholar&hl=en,14508148112380352791
Hybrid Model of Fireworks Algorithm and Deep Learning for Drought Prediction using Satellite Data,https://scholar.google.com/citations?view_op=view_citation&hl=en&user=daxojLsAAAAJ&pagesize=100&citation_for_view=daxojLsAAAAJ:RYcK_YlVTxYC,daxojLsAAAAJ:RYcK_YlVTxYC,"A Paudel, BN Bhavana, A Anchalia, A Kakati, S Chaudhari","2023 IEEE International Conference on Electronics, Computing and …, 2023",2023,1.0,https://scholar.google.com/scholar?oi=bibs&hl=en&cites=17926815187298148949,https://serpapi.com/search.json?cites=17926815187298148949&engine=google_scholar&hl=en,17926815187298148949
Harris Hawk Optimization-Based Distributed Denial of Service Attack Detection in IoT Networks,https://scholar.google.com/citations?view_op=view_citation&hl=en&user=daxojLsAAAAJ&pagesize=100&citation_for_view=daxojLsAAAAJ:ns9cj8rnVeAC,daxojLsAAAAJ:ns9cj8rnVeAC,"SS Chaudhari, DAD Yamini","2023 4th International Conference for Emerging Technology (INCET), 1-7, 2023",2023,1.0,https://scholar.google.com/scholar?oi=bibs&hl=en&cites=15961706540613050725,https://serpapi.com/search.json?cites=15961706540613050725&engine=google_scholar&hl=en,15961706540613050725
Cumulative Summary List Driven Lightweight Frequent Closed High Utility Itemset Mining,https://scholar.google.com/citations?view_op=view_citation&hl=en&user=daxojLsAAAAJ&pagesize=100&citation_for_view=daxojLsAAAAJ:NMxIlDl6LWMC,daxojLsAAAAJ:NMxIlDl6LWMC,"S Siva, S Chaudhari","2023 2nd International Conference for Innovation in Technology (INOCON), 1-6, 2023",2023,1.0,https://scholar.google.com/scholar?oi=bibs&hl=en&cites=3704383981117342901,https://serpapi.com/search.json?cites=3704383981117342901&engine=google_scholar&hl=en,3704383981117342901
Integrated data aggregation with fault-tolerance and lifetime energy-aware adaptive routing in coffee plantations using WSNs,https://scholar.google.com/citations?view_op=view_citation&hl=en&user=daxojLsAAAAJ&pagesize=100&citation_for_view=daxojLsAAAAJ:blknAaTinKkC,daxojLsAAAAJ:blknAaTinKkC,"RZ Ahmed, K Sravani, SS Chaudhari, SS Selvi, SL Gangadharaiah","Indonesian Journal of Electrical Engineering and Computer Science 24 (1 …, 2021",2021,1.0,https://scholar.google.com/scholar?oi=bibs&hl=en&cites=17259487430009867372,https://serpapi.com/search.json?cites=17259487430009867372&engine=google_scholar&hl=en,17259487430009867372
Investigation of cell to cell gap during onset of thermal runaway within lithium-ion battery pack,https://scholar.google.com/citations?view_op=view_citation&hl=en&user=daxojLsAAAAJ&pagesize=100&citation_for_view=daxojLsAAAAJ:e5wmG9Sq2KIC,daxojLsAAAAJ:e5wmG9Sq2KIC,"C Bhat, J Channegowda, V George, S Chaudhari, K Naraharisetti","2021 IEEE International Power and Renewable Energy Conference (IPRECON), 1-5, 2021",2021,1.0,https://scholar.google.com/scholar?oi=bibs&hl=en&cites=13533032948614774462,https://serpapi.com/search.json?cites=13533032948614774462&engine=google_scholar&hl=en,13533032948614774462
Video Analytics-based Ingredient Detection for Smart Chef using YOLOv3 and ImageAI,https://scholar.google.com/citations?view_op=view_citation&hl=en&user=daxojLsAAAAJ&pagesize=100&citation_for_view=daxojLsAAAAJ:mB3voiENLucC,daxojLsAAAAJ:mB3voiENLucC,"R Aparna, S Chaudhari, KR Singh, FA Mohammad, M Padmannavar, ...","2021 International Conference on Recent Trends on Electronics, Information …, 2021",2021,1.0,https://scholar.google.com/scholar?oi=bibs&hl=en&cites=10042293993163461200,https://serpapi.com/search.json?cites=10042293993163461200&engine=google_scholar&hl=en,10042293993163461200
Survey on intelligent control approaches for prediction of boiler efficiency in thermal power plant,https://scholar.google.com/citations?view_op=view_citation&hl=en&user=daxojLsAAAAJ&pagesize=100&citation_for_view=daxojLsAAAAJ:LkGwnXOMwfcC,daxojLsAAAAJ:LkGwnXOMwfcC,"S Thota, RP Mandi, S Chaudhari","2018 Second International Conference on Green Computing and Internet of …, 2018",2018,1.0,https://scholar.google.com/scholar?oi=bibs&hl=en&cites=18426805741508712466,https://serpapi.com/search.json?cites=18426805741508712466&engine=google_scholar&hl=en,18426805741508712466
"Updating of ManufactOn Software in Collaborative, Cloud and Mobile Solution in Civil Construction",https://scholar.google.com/citations?view_op=view_citation&hl=en&user=daxojLsAAAAJ&pagesize=100&citation_for_view=daxojLsAAAAJ:0EnyYjriUFMC,daxojLsAAAAJ:0EnyYjriUFMC,"HM Veda, S Chaudhari","International Conference on Intelligent Data Communication Technologies and …, 2018",2018,1.0,https://scholar.google.com/scholar?oi=bibs&hl=en&cites=14482322175308532511,https://serpapi.com/search.json?cites=14482322175308532511&engine=google_scholar&hl=en,14482322175308532511
Prediction capability of neural network models for higher heating value used for boiler efficiency,https://scholar.google.com/citations?view_op=view_citation&hl=en&user=daxojLsAAAAJ&pagesize=100&citation_for_view=daxojLsAAAAJ:ufrVoPGSRksC,daxojLsAAAAJ:ufrVoPGSRksC,"S Thota, RP Mandi, N Ramesh, S Chaudhari","2017 International Conference On Smart Technologies For Smart Nation …, 2017",2017,1.0,https://scholar.google.com/scholar?oi=bibs&hl=en&cites=11927433271284986202,https://serpapi.com/search.json?cites=11927433271284986202&engine=google_scholar&hl=en,11927433271284986202
Design and Development of Embedded System for Monitoring Driver Behaviour using Lane Sensors,https://scholar.google.com/citations?view_op=view_citation&hl=en&user=daxojLsAAAAJ&pagesize=100&citation_for_view=daxojLsAAAAJ:Y0pCki6q_DkC,daxojLsAAAAJ:Y0pCki6q_DkC,"PK Sharath, S Chaudhari, SGSP Yadav, AJ Chandrasekhar","SasTech 8 (2), 89, 2009",2009,1.0,https://scholar.google.com/scholar?oi=bibs&hl=en&cites=13929936096192911021,https://serpapi.com/search.json?cites=13929936096192911021&engine=google_scholar&hl=en,13929936096192911021
Video Deduplication Using Clustering and Hashing-Based Layered Coarse Resolution Approach for Cloud Storage,https://scholar.google.com/citations?view_op=view_citation&hl=en&user=daxojLsAAAAJ&pagesize=100&citation_for_view=daxojLsAAAAJ:NhqRSupF_l8C,daxojLsAAAAJ:NhqRSupF_l8C,"S Chaudhari, R Aparna, A Anchalia, AM Somayaji, AS Kumar","Journal of Artificial Intelligence and Technology, 2025",2025,,,,
Federated Deep Learning-Based Security Model Against DDoS Attack for Cloud Environment,https://scholar.google.com/citations?view_op=view_citation&hl=en&user=daxojLsAAAAJ&pagesize=100&citation_for_view=daxojLsAAAAJ:abG-DnoFyZgC,daxojLsAAAAJ:abG-DnoFyZgC,"J Tolanur, S Chaudhari","Journal of Artificial Intelligence and Technology 5, 430-440, 2025",2025,,,,
Federated Learning-Based Travel Time Prediction for Adaptive Congestion Control Using 5G-Assisted Roundabout Traffic Networks,https://scholar.google.com/citations?view_op=view_citation&hl=en&user=daxojLsAAAAJ&pagesize=100&citation_for_view=daxojLsAAAAJ:b0M2c_1WBrUC,daxojLsAAAAJ:b0M2c_1WBrUC,"V Subbulakshmi, S Chaudhari, S Pathan","IEEE Access, 2025",2025,,,,
MULTI-LEVEL VIDEO ANALYTICS FOR EFFICIENT DEDUPLICATION IN CLOUD STORAGE,https://scholar.google.com/citations?view_op=view_citation&hl=en&user=daxojLsAAAAJ&pagesize=100&citation_for_view=daxojLsAAAAJ:EUQCXRtRnyEC,daxojLsAAAAJ:EUQCXRtRnyEC,"A RAMALINGIAH, S CHAUDHARI","TPM–Testing, Psychometrics, Methodology in Applied Psychology 32 (S4 (2025 …, 2025",2025,,,,
Transfer Learning-based DDoS Detection and Mitigation in a MATLAB-Simulated 5G Network Environment,https://scholar.google.com/citations?view_op=view_citation&hl=en&user=daxojLsAAAAJ&pagesize=100&citation_for_view=daxojLsAAAAJ:bFI3QPDXJZMC,daxojLsAAAAJ:bFI3QPDXJZMC,"SS Chaudhari, J Tolanur, KAV Balaji, K Sah, L Mahindro","2025 3rd International Conference on Self Sustainable Artificial …, 2025",2025,,,,
Multi-Source Data-Driven Intelligent Model for Credit Assessment in Agricultural Financing,https://scholar.google.com/citations?view_op=view_citation&hl=en&user=daxojLsAAAAJ&pagesize=100&citation_for_view=daxojLsAAAAJ:f2IySw72cVMC,daxojLsAAAAJ:f2IySw72cVMC,"S Chaudhari, S Manna, K Vadivel","2025 3rd International Conference on Self Sustainable Artificial …, 2025",2025,,,,
Enhancing MIMO Performance with Channel State Information in Open Air Interface for 5G Network,https://scholar.google.com/citations?view_op=view_citation&hl=en&user=daxojLsAAAAJ&pagesize=100&citation_for_view=daxojLsAAAAJ:pyW8ca7W8N0C,daxojLsAAAAJ:pyW8ca7W8N0C,"SB Nandini, S Chaudhari, N Ganga, RS Manohar, NS Kumar, R Ramesh","2025 3rd International Conference on Smart Systems for applications in …, 2025",2025,,,,
DDoS Attack Detection Using Hybrid Caviar Kookaburra Optimization Enabled SpinalNet in Cloud Computing.,https://scholar.google.com/citations?view_op=view_citation&hl=en&user=daxojLsAAAAJ&pagesize=100&citation_for_view=daxojLsAAAAJ:cFHS6HbyZ2cC,daxojLsAAAAJ:cFHS6HbyZ2cC,"J Tolanur, S Chaudhari","International Journal of Intelligent Engineering & Systems 17 (6), 2024",2024,,,,
Trust-Based Data Fusion and Machine Learning for Underwater Sensor Networks,https://scholar.google.com/citations?view_op=view_citation&hl=en&user=daxojLsAAAAJ&pagesize=100&citation_for_view=daxojLsAAAAJ:yD5IFk8b50cC,daxojLsAAAAJ:yD5IFk8b50cC,"A Kanavalli, SS Chaudhari","2024 4th Asian Conference on Innovation in Technology (ASIANCON), 1-6, 2024",2024,,,,
Sand Cat Swarm Intelligent based Random Forest Approach for DDoS Attack Detection in IoT Network Scenario using NS3,https://scholar.google.com/citations?view_op=view_citation&hl=en&user=daxojLsAAAAJ&pagesize=100&citation_for_view=daxojLsAAAAJ:4OULZ7Gr8RgC,daxojLsAAAAJ:4OULZ7Gr8RgC,"SS Chaudhari, TN Sparshika, D Preethi, CS Muttur, AM Shadaksharaiah","2024 IEEE International Conference on Electronics, Computing and …, 2024",2024,,,,
An Energy-Efficient Mechanism Using Blockchain Technology for Machine-Type Communication in LTE Network,https://scholar.google.com/citations?view_op=view_citation&hl=en&user=daxojLsAAAAJ&pagesize=100&citation_for_view=daxojLsAAAAJ:a0OBvERweLwC,daxojLsAAAAJ:a0OBvERweLwC,"KK Jyothi, G Kalyani, K Srilakshmi, S Chaudhari, M Likhitha, K Sriya","Computational Intelligence in Machine Learning: Proceedings of the 2nd …, 2024",2024,,,,
A Bio-inspired and Deep Learning Based Hybrid Model for Agricultural Drought Assessment,https://scholar.google.com/citations?view_op=view_citation&hl=en&user=daxojLsAAAAJ&pagesize=100&citation_for_view=daxojLsAAAAJ:M05iB0D1s5AC,daxojLsAAAAJ:M05iB0D1s5AC,"S Chaudhari, A Anchalia, A Kakati, A Paudel, B BN, V Sardar","Journal of Water Management Modeling, 2024",2024,,,,
Multi-Factor based Nutrition Management System and Recipe Recommendation Engine,https://scholar.google.com/citations?view_op=view_citation&hl=en&user=daxojLsAAAAJ&pagesize=100&citation_for_view=daxojLsAAAAJ:NaGl4SEjCO4C,daxojLsAAAAJ:NaGl4SEjCO4C,"S Chaudhari, R Aparna, AS Ramesh, D Bhat, V Gaurav",,2023,,,,
Integration of Swarm Intelligence with KNN for Optimal Nearest Neighbors Value Prediction,https://scholar.google.com/citations?view_op=view_citation&hl=en&user=daxojLsAAAAJ&pagesize=100&citation_for_view=daxojLsAAAAJ:J_g5lzvAfSwC,daxojLsAAAAJ:J_g5lzvAfSwC,"A Anchalia, A Kakati, A Patil, BN Bhavana, A Paudel, S Chaudhari","2023 IEEE International Conference on Electronics, Computing and …, 2023",2023,,,,
Spider Monkey Optimization-Based Image Data Forgery Detection Over Vehicular Cloud Computing,https://scholar.google.com/citations?view_op=view_citation&hl=en&user=daxojLsAAAAJ&pagesize=100&citation_for_view=daxojLsAAAAJ:70eg2SAEIzsC,daxojLsAAAAJ:70eg2SAEIzsC,"M Manasa, SS Chaudhari","International Conference on Human-Centric Smart Computing, 333-343, 2023",2023,,,,
Multi-Sized cumulative Summary Structure Driven Light Weight in Frequent Closed Itemset Mining to Increase High Utility,https://scholar.google.com/citations?view_op=view_citation&hl=en&user=daxojLsAAAAJ&pagesize=100&citation_for_view=daxojLsAAAAJ:BqipwSGYUEgC,daxojLsAAAAJ:BqipwSGYUEgC,"S Siva, S Chaudhari","Korea Institute of Information and Communication Engineering 21 (2), 117-129, 2023",2023,,,,
An Energy-Efficient Mechanism Using Blockchain Technology for Machine-Type Communication in LTE Network,https://scholar.google.com/citations?view_op=view_citation&hl=en&user=daxojLsAAAAJ&pagesize=100&citation_for_view=daxojLsAAAAJ:ldfaerwXgEUC,daxojLsAAAAJ:ldfaerwXgEUC,"K Krishna Jyothi, G Kalyani, K Srilakshmi, S Chaudhari, M Likhitha, ...","International Conference on Computational Intelligence in Machine Learning …, 2022",2022,,,,
A Grey Wolf Integrated with Jaya Optimization Based Route Selection in IoT Network,https://scholar.google.com/citations?view_op=view_citation&hl=en&user=daxojLsAAAAJ&pagesize=100&citation_for_view=daxojLsAAAAJ:2P1L_qKh6hAC,daxojLsAAAAJ:2P1L_qKh6hAC,"G Kalyani, K Krishna Jyothi, K Srilakshmi, S Chaudhari","International Conference on Computational Intelligence in Machine Learning …, 2022",2022,,,,
Statistical Forecasting of Vegetation Indices using Integrated Neuro-Fuzzy Inference System with Bio-Inspired Techniques,https://scholar.google.com/citations?view_op=view_citation&hl=en&user=daxojLsAAAAJ&pagesize=100&citation_for_view=daxojLsAAAAJ:HDshCWvjkbEC,daxojLsAAAAJ:HDshCWvjkbEC,"VS Sardar, S Chaudhari, T Ashwini, LM Sahana, D Sangeetha, SS Padti","2021 International Conference on Recent Trends on Electronics, Information …, 2021",2021,,,,
An Improved Equivalent Circuit Parameter Representation of Lithium Ion Batteries Using Electrochemical Model Based Approach,https://scholar.google.com/citations?view_op=view_citation&hl=en&user=daxojLsAAAAJ&pagesize=100&citation_for_view=daxojLsAAAAJ:R3hNpaxXUhUC,daxojLsAAAAJ:R3hNpaxXUhUC,"C Bhat, J Channegowda, S Chaudhari, K Naraharisetti","2021 IEEE International Conference on Electronics, Computing and …, 2021",2021,,,,
Computer and Information Sciences,https://scholar.google.com/citations?view_op=view_citation&hl=en&user=daxojLsAAAAJ&pagesize=100&citation_for_view=daxojLsAAAAJ:SeFeTyx0c_EC,daxojLsAAAAJ:SeFeTyx0c_EC,"KK Jyothi, S Chaudhari",,2020,,,,
Modeling Cloud Environment for Assessing Denial of Service Attack,https://scholar.google.com/citations?view_op=view_citation&hl=en&user=daxojLsAAAAJ&pagesize=100&citation_for_view=daxojLsAAAAJ:_kc_bZDykSQC,daxojLsAAAAJ:_kc_bZDykSQC,"R Aparna, HH Thrapthi, S Baindur, B Namrata, M Akhtar, S Chaudhari","2019 4th International Conference on Recent Trends on Electronics …, 2019",2019,,,,
Analysis of Security Model for Cloud Computing against DDoS attack,https://scholar.google.com/citations?view_op=view_citation&hl=en&user=daxojLsAAAAJ&pagesize=100&citation_for_view=daxojLsAAAAJ:kNdYIx-mwKoC,daxojLsAAAAJ:kNdYIx-mwKoC,"KP Jagdish, JK Mirji, S Chaudhari","Asian Journal of Engineering and Technology Innovation (AJETI), 180, 2018",2018,,,,
Near Field Communication (NFC)–Wave is the new way forward,https://scholar.google.com/citations?view_op=view_citation&hl=en&user=daxojLsAAAAJ&pagesize=100&citation_for_view=daxojLsAAAAJ:ZHo1McVdvXMC,daxojLsAAAAJ:ZHo1McVdvXMC,"V Manjushree Sahana, P Annapureddy, S Chaudhari","Asian Journal of Engineering and Technology Innovation (AJETI), 135, 2017",2017,,,,
Performance Analysis of Parallel Cellular Automata Model using OpenMp and PThread Programming Constructs,https://scholar.google.com/citations?view_op=view_citation&hl=en&user=daxojLsAAAAJ&pagesize=100&citation_for_view=daxojLsAAAAJ:KlAtU1dfN6UC,daxojLsAAAAJ:KlAtU1dfN6UC,"P Annapureddy, S Chaudhari","Asian Journal of Engineering and Technology Innovation (AJETI), 166, 2017",2017,,,,
Survey on Various Downlink Resources Allocation Scheduling Schemes Proposed in Long Term Evolution,https://scholar.google.com/citations?view_op=view_citation&hl=en&user=daxojLsAAAAJ&pagesize=100&citation_for_view=daxojLsAAAAJ:3fE2CSJIrl8C,daxojLsAAAAJ:3fE2CSJIrl8C,"H Kauser, SS Chaudhari","Asian Journal of Engineering and Technology Innovation 4 (7), 2016",2016,,,,
Development of BSP for ARM9 Evaluation Board.,https://scholar.google.com/citations?view_op=view_citation&hl=en&user=daxojLsAAAAJ&pagesize=100&citation_for_view=daxojLsAAAAJ:WF5omc3nYNoC,daxojLsAAAAJ:WF5omc3nYNoC,"S Dessai, S Chaudhari","International Journal of Reconfigurable & Embedded Systems 4 (3), 2015",2015,,,,
Design and Development of ARM9 Evaluation Kit for Embedded Applications,https://scholar.google.com/citations?view_op=view_citation&hl=en&user=daxojLsAAAAJ&pagesize=100&citation_for_view=daxojLsAAAAJ:IjCSPb-OGe4C,daxojLsAAAAJ:IjCSPb-OGe4C,"NA Thomas, S Dessai, SGSP Yadav, S Chaudhari","International Journal of Reconfigurable and Embedded Systems 3 (2), 2014",2014,,,,
