﻿title,link,citation_id,authors,publication,year,cited_by.value,cited_by.link,cited_by.serpapi_link,cited_by.cites_id
A literature review on bidirectional encoder representations from transformers,https://scholar.google.com/citations?view_op=view_citation&hl=en&user=S0rWhnMAAAAJ&pagesize=100&citation_for_view=S0rWhnMAAAAJ:u_35RYKgDlwC,S0rWhnMAAAAJ:u_35RYKgDlwC,"S Shreyashree, P Sunagar, S Rajarajeswari, A Kanavalli","Inventive Computation and Information Technologies: Proceedings of ICICIT …, 2022",2022,38,https://scholar.google.com/scholar?oi=bibs&hl=en&cites=17939999792256648545,https://serpapi.com/search.json?cites=17939999792256648545&engine=google_scholar&hl=en,17939999792256648545
Movie recommendation system,https://scholar.google.com/citations?view_op=view_citation&hl=en&user=S0rWhnMAAAAJ&pagesize=100&citation_for_view=S0rWhnMAAAAJ:mB3voiENLucC,S0rWhnMAAAAJ:mB3voiENLucC,"S Rajarajeswari, S Naik, S Srikant, MK Sai Prakash, P Uday","Emerging Research in Computing, Information, Communication and Applications …, 2019",2019,30,https://scholar.google.com/scholar?oi=bibs&hl=en&cites=4754082234198261216,https://serpapi.com/search.json?cites=4754082234198261216&engine=google_scholar&hl=en,4754082234198261216
News topic classification using machine learning techniques,https://scholar.google.com/citations?view_op=view_citation&hl=en&user=S0rWhnMAAAAJ&pagesize=100&citation_for_view=S0rWhnMAAAAJ:8d8msizDQcsC,S0rWhnMAAAAJ:8d8msizDQcsC,"P Sunagar, A Kanavalli, SS Nayak, SR Mahan, S Prasad, S Prasad","International Conference on Communication, Computing and Electronics Systems …, 2021",2021,29,https://scholar.google.com/scholar?oi=bibs&hl=en&cites=11358543121302764961,https://serpapi.com/search.json?cites=11358543121302764961&engine=google_scholar&hl=en,11358543121302764961
Automatic text summarizer,https://scholar.google.com/citations?view_op=view_citation&hl=en&user=S0rWhnMAAAAJ&pagesize=100&citation_for_view=S0rWhnMAAAAJ:Ade32sEp0pkC,S0rWhnMAAAAJ:Ade32sEp0pkC,"AP Patil, S Dalmia, SAA Ansari, T Aul, V Bhatnagar","2014 international conference on advances in computing, communications and …, 2014",2014,29,https://scholar.google.com/scholar?oi=bibs&hl=en&cites=13083829183958968161,https://serpapi.com/search.json?cites=13083829183958968161&engine=google_scholar&hl=en,13083829183958968161
"An intelligent system to detect, avoid and maintain potholes: A graph theoretic approach",https://scholar.google.com/citations?view_op=view_citation&hl=en&user=S0rWhnMAAAAJ&pagesize=100&citation_for_view=S0rWhnMAAAAJ:d1gkVwhDpl0C,S0rWhnMAAAAJ:d1gkVwhDpl0C,"S Venkatesh, E Abhiram, S Rajarajeswari, KMS Kumar, S Balakuntala, ...","2014 seventh international conference on mobile computing and ubiquitous …, 2014",2014,28,https://scholar.google.com/scholar?oi=bibs&hl=en&cites=15106968915169884631,https://serpapi.com/search.json?cites=15106968915169884631&engine=google_scholar&hl=en,15106968915169884631
Design and implementation of a consensus algorithm to build zero trust model,https://scholar.google.com/citations?view_op=view_citation&hl=en&user=S0rWhnMAAAAJ&pagesize=100&citation_for_view=S0rWhnMAAAAJ:anf4URPfarAC,S0rWhnMAAAAJ:anf4URPfarAC,"AP Patil, G Karkal, J Wadhwa, M Sawood, KD Reddy","2020 IEEE 17th India council international conference (INDICON), 1-5, 2020",2020,27,https://scholar.google.com/scholar?oi=bibs&hl=en&cites=11550453779910356466,https://serpapi.com/search.json?cites=11550453779910356466&engine=google_scholar&hl=en,11550453779910356466
"Effect of trap colour, height and placement around trees in capture of mango fruit flies.",https://scholar.google.com/citations?view_op=view_citation&hl=en&user=S0rWhnMAAAAJ&pagesize=100&citation_for_view=S0rWhnMAAAAJ:Dem6FJhTUoYC,S0rWhnMAAAAJ:Dem6FJhTUoYC,"G Sarada, TU Maheswari, K Purushotham",,2001,27,https://scholar.google.com/scholar?oi=bibs&hl=en&cites=18325777882168519808,https://serpapi.com/search.json?cites=18325777882168519808&engine=google_scholar&hl=en,18325777882168519808
Prediction of lung cancer using meta-heuristic based optimization technique: Crow search technique,https://scholar.google.com/citations?view_op=view_citation&hl=en&user=S0rWhnMAAAAJ&pagesize=100&citation_for_view=S0rWhnMAAAAJ:URolC5Kub84C,S0rWhnMAAAAJ:URolC5Kub84C,"S Alagarsamy, RR Subramanian, T Shree, M Balasubramanian, ...","2021 International Conference on Computing, Communication, and Intelligent …, 2021",2021,24,https://scholar.google.com/scholar?oi=bibs&hl=en&cites=18246589997517081848,https://serpapi.com/search.json?cites=18246589997517081848&engine=google_scholar&hl=en,18246589997517081848
Age associated decline in the conversion of leucine to β-Hydroxy-β-Methylbutyrate in rats,https://scholar.google.com/citations?view_op=view_citation&hl=en&user=S0rWhnMAAAAJ&pagesize=100&citation_for_view=S0rWhnMAAAAJ:PELIpwtuRlgC,S0rWhnMAAAAJ:PELIpwtuRlgC,"S Shreeram, S Ramesh, JK Puthan, G Balakrishnan, R Subramanian, ...","Experimental gerontology 80, 6-11, 2016",2016,24,https://scholar.google.com/scholar?oi=bibs&hl=en&cites=4868735940614498405,https://serpapi.com/search.json?cites=4868735940614498405&engine=google_scholar&hl=en,4868735940614498405
Design and evaluation of a deep learning algorithm for emotion recognition,https://scholar.google.com/citations?view_op=view_citation&hl=en&user=S0rWhnMAAAAJ&pagesize=100&citation_for_view=S0rWhnMAAAAJ:uWiczbcajpAC,S0rWhnMAAAAJ:uWiczbcajpAC,"RR Subramanian, CS Niharika, DU Rani, P Pavani, KPL Syamala","2021 5th International Conference on Intelligent Computing and Control …, 2021",2021,23,https://scholar.google.com/scholar?oi=bibs&hl=en&cites=18061827846678541256,https://serpapi.com/search.json?cites=18061827846678541256&engine=google_scholar&hl=en,18061827846678541256
Design and Evaluation of a Hybrid Hierarchical Feature Tree Based Authorship Inference Technique,https://scholar.google.com/citations?view_op=view_citation&hl=en&user=S0rWhnMAAAAJ&pagesize=100&citation_for_view=S0rWhnMAAAAJ:kRWSkSYxWN8C,S0rWhnMAAAAJ:kRWSkSYxWN8C,"RR Subramanian, K Seshadri","Advances in Data and Information Sciences: Proceedings of ICDIS 2017, Volume …, 2018",2018,23,https://scholar.google.com/scholar?oi=bibs&hl=en&cites=687258640250782780,https://serpapi.com/search.json?cites=687258640250782780&engine=google_scholar&hl=en,687258640250782780
An improved energy efficient AODV routing protocol for MANETs,https://scholar.google.com/citations?view_op=view_citation&hl=en&user=S0rWhnMAAAAJ&pagesize=100&citation_for_view=S0rWhnMAAAAJ:_axFR9aDTf0C,S0rWhnMAAAAJ:_axFR9aDTf0C,"AP Patil, BV Chandan, S Aparna, R Greeshma, HP Akshatha","2014 Eleventh International Conference on Wireless and Optical …, 2014",2014,23,https://scholar.google.com/scholar?oi=bibs&hl=en&cites=7925079360712635399,https://serpapi.com/search.json?cites=7925079360712635399&engine=google_scholar&hl=en,7925079360712635399
A hybrid RNN based deep learning approach for text classification,https://scholar.google.com/citations?view_op=view_citation&hl=en&user=S0rWhnMAAAAJ&pagesize=100&citation_for_view=S0rWhnMAAAAJ:DJbcl8HfkQkC,S0rWhnMAAAAJ:DJbcl8HfkQkC,"P Sunagar, A Kanavalli","International Journal of Advanced Computer Science and Applications 13 (6), 2022",2022,21,https://scholar.google.com/scholar?oi=bibs&hl=en&cites=14621149952352145568,https://serpapi.com/search.json?cites=14621149952352145568&engine=google_scholar&hl=en,14621149952352145568
Real-time air quality monitoring system using MQ-135 and thingsboard,https://scholar.google.com/citations?view_op=view_citation&hl=en&user=S0rWhnMAAAAJ&pagesize=100&citation_for_view=S0rWhnMAAAAJ:_xSYboBqXhAC,S0rWhnMAAAAJ:_xSYboBqXhAC,"SU Rani, S Rajarajeswari, JG Jaimon, R Ravichandran","Journal of critical reviews 7 (18), 4107-4115, 2020",2020,21,https://scholar.google.com/scholar?oi=bibs&hl=en&cites=3457899442392816354,https://serpapi.com/search.json?cites=3457899442392816354&engine=google_scholar&hl=en,3457899442392816354
Paradigms for intelligent IOT architecture,https://scholar.google.com/citations?view_op=view_citation&hl=en&user=S0rWhnMAAAAJ&pagesize=100&citation_for_view=S0rWhnMAAAAJ:LdasjJ6CEcoC,S0rWhnMAAAAJ:LdasjJ6CEcoC,"T Joshva Devadas, R Raja Subramanian","Principles of Internet of Things (IoT) Ecosystem: Insight Paradigm, 67-100, 2019",2019,21,https://scholar.google.com/scholar?oi=bibs&hl=en&cites=11870836677113488833,https://serpapi.com/search.json?cites=11870836677113488833&engine=google_scholar&hl=en,11870836677113488833
"India processing tomato segment: current status, trends and opportunities for engagement.",https://scholar.google.com/citations?view_op=view_citation&hl=en&user=S0rWhnMAAAAJ&pagesize=100&citation_for_view=S0rWhnMAAAAJ:Bg7qf7VwUHIC,S0rWhnMAAAAJ:Bg7qf7VwUHIC,R Subramanian,,2016,21,https://scholar.google.com/scholar?oi=bibs&hl=en&cites=7918148641009113061,https://serpapi.com/search.json?cites=7918148641009113061&engine=google_scholar&hl=en,7918148641009113061
BERT-based hybrid RNN model for multi-class text classification to study the effect of pre-trained word embeddings,https://scholar.google.com/citations?view_op=view_citation&hl=en&user=S0rWhnMAAAAJ&pagesize=100&citation_for_view=S0rWhnMAAAAJ:UxriW0iASnsC,S0rWhnMAAAAJ:UxriW0iASnsC,"S Shreyashree, P Sunagar, S Rajarajeswari, A Kanavalli","International Journal of Advanced Computer Science and Applications 13 (9), 2022",2022,19,https://scholar.google.com/scholar?oi=bibs&hl=en&cites=7909421337702865780,https://serpapi.com/search.json?cites=7909421337702865780&engine=google_scholar&hl=en,7909421337702865780
Design and evaluation of a hybrid feature descriptor based handwritten character inference technique,https://scholar.google.com/citations?view_op=view_citation&hl=en&user=S0rWhnMAAAAJ&pagesize=100&citation_for_view=S0rWhnMAAAAJ:PR6Y55bgFSsC,S0rWhnMAAAAJ:PR6Y55bgFSsC,"RR Subramanian, BR Babu, K Mamta, K Manogna","2019 IEEE International Conference on Intelligent Techniques in Control …, 2019",2019,19,https://scholar.google.com/scholar?oi=bibs&hl=en&cites=9132538064199779000,https://serpapi.com/search.json?cites=9132538064199779000&engine=google_scholar&hl=en,9132538064199779000
Vaginal birth after cesarean section (VBAC) versus emergency repeat cesarean section at teaching hospitals in India: an ICMR task force study,https://scholar.google.com/citations?view_op=view_citation&hl=en&user=S0rWhnMAAAAJ&pagesize=100&citation_for_view=S0rWhnMAAAAJ:7BrZ7Jt4UNcC,S0rWhnMAAAAJ:7BrZ7Jt4UNcC,"BS Dhillon, N Chandhiok, S Bharti, P Bhatia, KJ Coyaji, MC Das, V Das, ...","Int J Reprod Contracept Obstet Gynecol 3 (3), 592-7, 2014",2014,19,https://scholar.google.com/scholar?oi=bibs&hl=en&cites=16952135778362841901,https://serpapi.com/search.json?cites=16952135778362841901&engine=google_scholar&hl=en,16952135778362841901
Application areas of information-centric networking: State-of-the-art and challenges,https://scholar.google.com/citations?view_op=view_citation&hl=en&user=S0rWhnMAAAAJ&pagesize=100&citation_for_view=S0rWhnMAAAAJ:WHdLCjDvYFkC,S0rWhnMAAAAJ:WHdLCjDvYFkC,"LCM Hurali, AP Patil","IEEE Access 10, 122431-122446, 2022",2022,18,https://scholar.google.com/scholar?oi=bibs&hl=en&cites=2322687741161318559,https://serpapi.com/search.json?cites=2322687741161318559&engine=google_scholar&hl=en,2322687741161318559
Airline fare prediction using machine learning algorithms,https://scholar.google.com/citations?view_op=view_citation&hl=en&user=S0rWhnMAAAAJ&pagesize=100&citation_for_view=S0rWhnMAAAAJ:SdhP9T11ey4C,S0rWhnMAAAAJ:SdhP9T11ey4C,"RR Subramanian, MS Murali, B Deepak, P Deepak, HN Reddy, ...","2022 4th International Conference on Smart Systems and Inventive Technology …, 2022",2022,18,https://scholar.google.com/scholar?oi=bibs&hl=en&cites=5593616753142097731,https://serpapi.com/search.json?cites=5593616753142097731&engine=google_scholar&hl=en,5593616753142097731
HARfog: an ensemble deep learning model for activity recognition leveraging IoT and fog architectures,https://scholar.google.com/citations?view_op=view_citation&hl=en&user=S0rWhnMAAAAJ&pagesize=100&citation_for_view=S0rWhnMAAAAJ:sJsF-0ZLhtgC,S0rWhnMAAAAJ:sJsF-0ZLhtgC,"R Raja Subramanian, V Vasudevan","Modern Approaches in Machine Learning and Cognitive Science: A Walkthrough …, 2021",2021,18,https://scholar.google.com/scholar?oi=bibs&hl=en&cites=247520597052883417,https://serpapi.com/search.json?cites=247520597052883417&engine=google_scholar&hl=en,247520597052883417
PSO based fuzzy-genetic optimization technique for face recognition,https://scholar.google.com/citations?view_op=view_citation&hl=en&user=S0rWhnMAAAAJ&pagesize=100&citation_for_view=S0rWhnMAAAAJ:eq2jaN3J8jMC,S0rWhnMAAAAJ:eq2jaN3J8jMC,"RR Subramanian, H Mohan, AM Jenny, D Sreshta, ML Prasanna, ...","2021 11th international conference on cloud computing, data science …, 2021",2021,18,https://scholar.google.com/scholar?oi=bibs&hl=en&cites=5758004462677796229,https://serpapi.com/search.json?cites=5758004462677796229&engine=google_scholar&hl=en,5758004462677796229
Oral cancer detection model in distributed cloud environment via optimized ensemble technique,https://scholar.google.com/citations?view_op=view_citation&hl=en&user=S0rWhnMAAAAJ&pagesize=100&citation_for_view=S0rWhnMAAAAJ:jE2MZjpN3IcC,S0rWhnMAAAAJ:jE2MZjpN3IcC,"S Shetty, AP Patil","Biomedical Signal Processing and Control 81, 104311, 2023",2023,17,https://scholar.google.com/scholar?oi=bibs&hl=en&cites=18015497397112853502,https://serpapi.com/search.json?cites=18015497397112853502&engine=google_scholar&hl=en,18015497397112853502
Audio emotion recognition by deep neural networks and machine learning algorithms,https://scholar.google.com/citations?view_op=view_citation&hl=en&user=S0rWhnMAAAAJ&pagesize=100&citation_for_view=S0rWhnMAAAAJ:W5xh706n7nkC,S0rWhnMAAAAJ:W5xh706n7nkC,"RR Subramanian, Y Sireesha, YSPK Reddy, T Bindamrutha, M Harika, ...","2021 international conference on advancements in electrical, electronics …, 2021",2021,17,https://scholar.google.com/scholar?oi=bibs&hl=en&cites=10168188859660490339,https://serpapi.com/search.json?cites=10168188859660490339&engine=google_scholar&hl=en,10168188859660490339
"Classification of medicinal leaves using support vector machine, convolutional neural network and you only look once",https://scholar.google.com/citations?view_op=view_citation&hl=en&user=S0rWhnMAAAAJ&pagesize=100&citation_for_view=S0rWhnMAAAAJ:a9-T7VOCCH8C,S0rWhnMAAAAJ:a9-T7VOCCH8C,"A Shastry, AP Patil","2020 IEEE bangalore humanitarian technology conference (B-HTC), 1-6, 2020",2020,17,https://scholar.google.com/scholar?oi=bibs&hl=en&cites=11829017667799078029,https://serpapi.com/search.json?cites=11829017667799078029&engine=google_scholar&hl=en,11829017667799078029
"Occurrence, molecular diagnosis and suitable time of detection of citrus greening disease in sweet orange",https://scholar.google.com/citations?view_op=view_citation&hl=en&user=S0rWhnMAAAAJ&pagesize=100&citation_for_view=S0rWhnMAAAAJ:yFnVuubrUp4C,S0rWhnMAAAAJ:yFnVuubrUp4C,"K Gopal, E Pradeepthi, V Gopi, S Khayum Ahammed, Y Sreenivasulu, ...","Acta Phytopathologica et Entomologica Hungarica 42 (1), 49-58, 2007",2007,16,https://scholar.google.com/scholar?oi=bibs&hl=en&cites=14912314031116411568,https://serpapi.com/search.json?cites=14912314031116411568&engine=google_scholar&hl=en,14912314031116411568
Effect of surface roughness on the self-assembly of octadecanethiol monolayer onto polycrystalline noble metal surfaces,https://scholar.google.com/citations?view_op=view_citation&hl=en&user=S0rWhnMAAAAJ&pagesize=100&citation_for_view=S0rWhnMAAAAJ:PaBasH6fAo0C,S0rWhnMAAAAJ:PaBasH6fAo0C,"R Subramanian, V Lakshminarayanan","Current Science, 665-669, 1999",1999,16,https://scholar.google.com/scholar?oi=bibs&hl=en&cites=17522041868313339962,https://serpapi.com/search.json?cites=17522041868313339962&engine=google_scholar&hl=en,17522041868313339962
Data confidentiality and privacy in cloud computing,https://scholar.google.com/citations?view_op=view_citation&hl=en&user=S0rWhnMAAAAJ&pagesize=100&citation_for_view=S0rWhnMAAAAJ:u-x6o8ySG0sC,S0rWhnMAAAAJ:u-x6o8ySG0sC,"S Rajarajeswari, K Somasundaram","Indian Journal of Science and Technology 9 (4), 1-8, 2016",2016,15,https://scholar.google.com/scholar?oi=bibs&hl=en&cites=12944373769764156260,https://serpapi.com/search.json?cites=12944373769764156260&engine=google_scholar&hl=en,12944373769764156260
Convergence time evaluation of algorithms in MANETs,https://scholar.google.com/citations?view_op=view_citation&hl=en&user=S0rWhnMAAAAJ&pagesize=100&citation_for_view=S0rWhnMAAAAJ:YohjEiUPhakC,S0rWhnMAAAAJ:YohjEiUPhakC,"AP Patil, N Sambaturu, K Chunhaviriyakul","arXiv preprint arXiv:0910.1475, 2009",2009,15,https://scholar.google.com/scholar?oi=bibs&hl=en&cites=8206381191185475264,https://serpapi.com/search.json?cites=8206381191185475264&engine=google_scholar&hl=en,8206381191185475264
Hybrid RNN based text classification model for unstructured data,https://scholar.google.com/citations?view_op=view_citation&hl=en&user=S0rWhnMAAAAJ&pagesize=100&citation_for_view=S0rWhnMAAAAJ:DBa1UEJaJKAC,S0rWhnMAAAAJ:DBa1UEJaJKAC,"P Sunagar, BJ Sowmya, D Pruthviraja, S Supreeth, J Mathew, S Rohith, ...","SN Computer Science 5 (6), 726, 2024",2024,13,https://scholar.google.com/scholar?oi=bibs&hl=en&cites=14288894301309935900,https://serpapi.com/search.json?cites=14288894301309935900&engine=google_scholar&hl=en,14288894301309935900
Applications of game theory for cyber security system: A survey,https://scholar.google.com/citations?view_op=view_citation&hl=en&user=S0rWhnMAAAAJ&pagesize=100&citation_for_view=S0rWhnMAAAAJ:OR75R8vi5nAC,S0rWhnMAAAAJ:OR75R8vi5nAC,"AP Patil, S Bharath, NM Annigeri","International Journal of Applied Engineering Research 13 (17), 12987-12990, 2018",2018,13,https://scholar.google.com/scholar?oi=bibs&hl=en&cites=15203225585676502286,https://serpapi.com/search.json?cites=15203225585676502286&engine=google_scholar&hl=en,15203225585676502286
Depletion of soil moisture by young mango trees with and without irrigation.,https://scholar.google.com/citations?view_op=view_citation&hl=en&user=S0rWhnMAAAAJ&pagesize=100&citation_for_view=S0rWhnMAAAAJ:1Ye0OR6EYb4C,S0rWhnMAAAAJ:1Ye0OR6EYb4C,"K Purushotham, B Narasimham",,1981,13,https://scholar.google.com/scholar?oi=bibs&hl=en&cites=16670218140894288008,https://serpapi.com/search.json?cites=16670218140894288008&engine=google_scholar&hl=en,16670218140894288008
Randomized gossip algorithm based RSU distribution for VANETs leveraging fog computing,https://scholar.google.com/citations?view_op=view_citation&hl=en&user=S0rWhnMAAAAJ&pagesize=100&citation_for_view=S0rWhnMAAAAJ:-_dYPAW6P2MC,S0rWhnMAAAAJ:-_dYPAW6P2MC,"RR Subramanian, K Seshadri","2019 IEEE International conference on clean energy and energy efficient …, 2019",2019,12,https://scholar.google.com/scholar?oi=bibs&hl=en&cites=14556714161551010193,https://serpapi.com/search.json?cites=14556714161551010193&engine=google_scholar&hl=en,14556714161551010193
Design and implementation of combined energy metricaodv (cem_aodv) routing protocol for manets,https://scholar.google.com/citations?view_op=view_citation&hl=en&user=S0rWhnMAAAAJ&pagesize=100&citation_for_view=S0rWhnMAAAAJ:OTTXONDVkokC,S0rWhnMAAAAJ:OTTXONDVkokC,"AP Patil, B Sharanya, MPD Kumar","International Journal of Computer and Electrical Engineering 5 (1), 9, 2013",2013,12,https://scholar.google.com/scholar?oi=bibs&hl=en&cites=13341110694665643310,https://serpapi.com/search.json?cites=13341110694665643310&engine=google_scholar&hl=en,13341110694665643310
Application of principal component and cluster analyses in brinjal (Solanum melongena L.),https://scholar.google.com/citations?view_op=view_citation&hl=en&user=S0rWhnMAAAAJ&pagesize=100&citation_for_view=S0rWhnMAAAAJ:kw52XkFRtyQC,S0rWhnMAAAAJ:kw52XkFRtyQC,"RR Lakshmi, K Purushotham, LN Naidu, SSV Padma","Plant Archives, 2013",2013,12,https://scholar.google.com/scholar?oi=bibs&hl=en&cites=2230943883368984264,https://serpapi.com/search.json?cites=2230943883368984264&engine=google_scholar&hl=en,2230943883368984264
Statistical data mining approach with asymmetric conditionally volatility model in financial time series data,https://scholar.google.com/citations?view_op=view_citation&hl=en&user=S0rWhnMAAAAJ&pagesize=100&citation_for_view=S0rWhnMAAAAJ:eMMeJKvmdy0C,S0rWhnMAAAAJ:eMMeJKvmdy0C,"V Ilango, R Subramanian, V Vasudevan","International Journal of Soft Computing 8 (4), 252-260, 2013",2013,12,https://scholar.google.com/scholar?oi=bibs&hl=en&cites=4187096479353062469,https://serpapi.com/search.json?cites=4187096479353062469&engine=google_scholar&hl=en,4187096479353062469
Effect of post-harvest application of growth regulators on storage behaviour of papaya (Carica papaya L.) Cv. 'Co-2'.,https://scholar.google.com/citations?view_op=view_citation&hl=en&user=S0rWhnMAAAAJ&pagesize=100&citation_for_view=S0rWhnMAAAAJ:tuHXwOkdijsC,S0rWhnMAAAAJ:tuHXwOkdijsC,"M Ramakrishna, K Haribabu, K Purushotham",,2002,12,https://scholar.google.com/scholar?oi=bibs&hl=en&cites=2632416396641891984,https://serpapi.com/search.json?cites=2632416396641891984&engine=google_scholar&hl=en,2632416396641891984
Duck pack optimization with deep transfer learning-enabled Oral squamous cell carcinoma classification on histopathological images,https://scholar.google.com/citations?view_op=view_citation&hl=en&user=S0rWhnMAAAAJ&pagesize=100&citation_for_view=S0rWhnMAAAAJ:SjuI4pbJlxcC,S0rWhnMAAAAJ:SjuI4pbJlxcC,"SK Shetty, AP Patil","International Journal of Grid and High Performance Computing (IJGHPC) 15 (2 …, 2023",2023,11,https://scholar.google.com/scholar?oi=bibs&hl=en&cites=13691931980920851602,https://serpapi.com/search.json?cites=13691931980920851602&engine=google_scholar&hl=en,13691931980920851602
Multiplayer online car racing with BCI in VR,https://scholar.google.com/citations?view_op=view_citation&hl=en&user=S0rWhnMAAAAJ&pagesize=100&citation_for_view=S0rWhnMAAAAJ:HE397vMXCloC,S0rWhnMAAAAJ:HE397vMXCloC,"RR Subramanian, KY Varma, K Balaji, MD Reddy, A Akash, KN Reddy","2021 5th International Conference on Intelligent Computing and Control …, 2021",2021,11,https://scholar.google.com/scholar?oi=bibs&hl=en&cites=3103789970935050659,https://serpapi.com/search.json?cites=3103789970935050659&engine=google_scholar&hl=en,3103789970935050659
Speech enabled visual question answering using lstm and cnn with real time image capturing for assisting the visually impaired,https://scholar.google.com/citations?view_op=view_citation&hl=en&user=S0rWhnMAAAAJ&pagesize=100&citation_for_view=S0rWhnMAAAAJ:ODE9OILHJdcC,S0rWhnMAAAAJ:ODE9OILHJdcC,"AP Patil, A Behera, P Anusha, M Seth","TENCON 2019-2019 IEEE Region 10 Conference (TENCON), 2475-2480, 2019",2019,11,https://scholar.google.com/scholar?oi=bibs&hl=en&cites=15066550549232509948,https://serpapi.com/search.json?cites=15066550549232509948&engine=google_scholar&hl=en,15066550549232509948
Fertigation studies in Robusta banana,https://scholar.google.com/citations?view_op=view_citation&hl=en&user=S0rWhnMAAAAJ&pagesize=100&citation_for_view=S0rWhnMAAAAJ:KUbvn5osdkgC,S0rWhnMAAAAJ:KUbvn5osdkgC,"C Madhumathi, S Sadarunnisa, K Purushotham","Proceedings of National Seminar on Banana Industry: Present Scenario and …, 2004",2004,11,https://scholar.google.com/scholar?oi=bibs&hl=en&cites=2218456125375550552,https://serpapi.com/search.json?cites=2218456125375550552&engine=google_scholar&hl=en,2218456125375550552
Classification of Covid-19 tweets using deep learning techniques,https://scholar.google.com/citations?view_op=view_citation&hl=en&user=S0rWhnMAAAAJ&pagesize=100&citation_for_view=S0rWhnMAAAAJ:OP4eGU-M3BUC,S0rWhnMAAAAJ:OP4eGU-M3BUC,"P Sunagar, A Kanavalli, V Poornima, VM Hemanth, K Sreeram, ...","Inventive Systems and Control: Proceedings of ICISC 2021, 123-136, 2021",2021,10,https://scholar.google.com/scholar?oi=bibs&hl=en&cites=16303130603878208389,https://serpapi.com/search.json?cites=16303130603878208389&engine=google_scholar&hl=en,16303130603878208389
Modeling and predicting cyber hacking breaches,https://scholar.google.com/citations?view_op=view_citation&hl=en&user=S0rWhnMAAAAJ&pagesize=100&citation_for_view=S0rWhnMAAAAJ:_Ybze24A_UAC,S0rWhnMAAAAJ:_Ybze24A_UAC,"RR Subramanian, R Avula, PS Surya, B Pranay","2021 5th International Conference on Intelligent Computing and Control …, 2021",2021,10,https://scholar.google.com/scholar?oi=bibs&hl=en&cites=10147512621565060696,https://serpapi.com/search.json?cites=10147512621565060696&engine=google_scholar&hl=en,10147512621565060696
Effective design and implementation of B. Tech (CSE) curriculum with industry tie-ups,https://scholar.google.com/citations?view_op=view_citation&hl=en&user=S0rWhnMAAAAJ&pagesize=100&citation_for_view=S0rWhnMAAAAJ:dQ2og3OwTAUC,S0rWhnMAAAAJ:dQ2og3OwTAUC,"SS Anand, AFS Devaraj, RK Devi, CB Subramanian, RR Subramanian, ...","Journal of Engineering Education Transformations, 191-200, 2021",2021,10,https://scholar.google.com/scholar?oi=bibs&hl=en&cites=9577190339966413301,https://serpapi.com/search.json?cites=9577190339966413301&engine=google_scholar&hl=en,9577190339966413301
Influence of big data in smart tourism,https://scholar.google.com/citations?view_op=view_citation&hl=en&user=S0rWhnMAAAAJ&pagesize=100&citation_for_view=S0rWhnMAAAAJ:2VqYfGB8ITEC,S0rWhnMAAAAJ:2VqYfGB8ITEC,"P Sunagar, R Hanumantharaju, GM Siddesh, A Kanavalli, KG Srinivasa","Hybrid Computational Intelligence, 25-47, 2020",2020,10,https://scholar.google.com/scholar?oi=bibs&hl=en&cites=12953305450272655015,https://serpapi.com/search.json?cites=12953305450272655015&engine=google_scholar&hl=en,12953305450272655015
Applying machine learning techniques for sentiment analysis in the case study of Indian politics,https://scholar.google.com/citations?view_op=view_citation&hl=en&user=S0rWhnMAAAAJ&pagesize=100&citation_for_view=S0rWhnMAAAAJ:nZcligLrVowC,S0rWhnMAAAAJ:nZcligLrVowC,"AP Patil, D Doshi, D Dalsaniya, BS Rashmi","International Symposium on Signal Processing and Intelligent Recognition …, 2017",2017,10,https://scholar.google.com/scholar?oi=bibs&hl=en&cites=16379822406925587187,https://serpapi.com/search.json?cites=16379822406925587187&engine=google_scholar&hl=en,16379822406925587187
Speaker profiling by extracting paralinguistic parameters using mel frequency cepstral coefficients,https://scholar.google.com/citations?view_op=view_citation&hl=en&user=S0rWhnMAAAAJ&pagesize=100&citation_for_view=S0rWhnMAAAAJ:bKqednn6t2AC,S0rWhnMAAAAJ:bKqednn6t2AC,"S Galgali, SS Priyanka, BR Shashank, AP Patil","2015 International Conference on Applied and Theoretical Computing and …, 2015",2015,10,https://scholar.google.com/scholar?oi=bibs&hl=en&cites=14784937912546410135,https://serpapi.com/search.json?cites=14784937912546410135&engine=google_scholar&hl=en,14784937912546410135
T5w: A paraphrasing approach to oversampling for imbalanced text classification,https://scholar.google.com/citations?view_op=view_citation&hl=en&user=S0rWhnMAAAAJ&pagesize=100&citation_for_view=S0rWhnMAAAAJ:0izLItjtcgwC,S0rWhnMAAAAJ:0izLItjtcgwC,"AP Patil, S Jere, R Ram, S Srinarasi","2022 IEEE international conference on electronics, computing and …, 2022",2022,9,https://scholar.google.com/scholar?oi=bibs&hl=en&cites=11654213302933733733,https://serpapi.com/search.json?cites=11654213302933733733&engine=google_scholar&hl=en,11654213302933733733
Designing a smart speaking system for voiceless community,https://scholar.google.com/citations?view_op=view_citation&hl=en&user=S0rWhnMAAAAJ&pagesize=100&citation_for_view=S0rWhnMAAAAJ:EkHepimYqZsC,S0rWhnMAAAAJ:EkHepimYqZsC,"S Alagarsamy, RR Subramanian, PK Bobba, P Jonnadula, ...","Expert Clouds and Applications: Proceedings of ICOECA 2021, 21-34, 2021",2021,9,https://scholar.google.com/scholar?oi=bibs&hl=en&cites=3768118500739559782,https://serpapi.com/search.json?cites=3768118500739559782&engine=google_scholar&hl=en,3768118500739559782
Sentiment Analysis for Product Reviews.,https://scholar.google.com/citations?view_op=view_citation&hl=en&user=S0rWhnMAAAAJ&pagesize=100&citation_for_view=S0rWhnMAAAAJ:-FonjvnnhkoC,S0rWhnMAAAAJ:-FonjvnnhkoC,"AA Patil, S Kolkur","International Journal of Advanced Research in Computer Science 5 (5), 2014",2014,9,https://scholar.google.com/scholar?oi=bibs&hl=en&cites=15016858438565162799,https://serpapi.com/search.json?cites=15016858438565162799&engine=google_scholar&hl=en,15016858438565162799
Evaluation of F1 hybrids of tomato (Solanum lycopersicum L.).,https://scholar.google.com/citations?view_op=view_citation&hl=en&user=S0rWhnMAAAAJ&pagesize=100&citation_for_view=S0rWhnMAAAAJ:-mN3Mh-tlDkC,S0rWhnMAAAAJ:-mN3Mh-tlDkC,"PS Sudhakar, K Purushotham",,2009,9,https://scholar.google.com/scholar?oi=bibs&hl=en&cites=6980888914365099719,https://serpapi.com/search.json?cites=6980888914365099719&engine=google_scholar&hl=en,6980888914365099719
Moving towards blockchain-based solution for ensuring secure storage of medical images,https://scholar.google.com/citations?view_op=view_citation&hl=en&user=S0rWhnMAAAAJ&pagesize=100&citation_for_view=S0rWhnMAAAAJ:BwyfMAYsbu0C,S0rWhnMAAAAJ:BwyfMAYsbu0C,"SD Ashwini, AP Patil, SK Shetty","2021 IEEE 18th India Council International Conference (INDICON), 1-5, 2021",2021,8,https://scholar.google.com/scholar?oi=bibs&hl=en&cites=1402679320182496702,https://serpapi.com/search.json?cites=1402679320182496702&engine=google_scholar&hl=en,1402679320182496702
"Science-based horticultural interventions for improving vegetable productivity in the state of Karnataka, India",https://scholar.google.com/citations?view_op=view_citation&hl=en&user=S0rWhnMAAAAJ&pagesize=100&citation_for_view=S0rWhnMAAAAJ:2KloaMYe4IUC,S0rWhnMAAAAJ:2KloaMYe4IUC,"N Kumar, D Bharat, N Amaresh, H Shivakumar, R Shivakumar, P Arshad, ...","Cogent Food & Agriculture 4 (1), 1461731, 2018",2018,8,https://scholar.google.com/scholar?oi=bibs&hl=en&cites=12898675301438749230,https://serpapi.com/search.json?cites=12898675301438749230&engine=google_scholar&hl=en,12898675301438749230
Intelligent Energy Efficient Routing Protocol based on Biological Agents for MANETS,https://scholar.google.com/citations?view_op=view_citation&hl=en&user=S0rWhnMAAAAJ&pagesize=100&citation_for_view=S0rWhnMAAAAJ:3htObqc8RwsC,S0rWhnMAAAAJ:3htObqc8RwsC,"A Patil, S Sapre","International Journal of Emerging Technology and Advanced Engineering,(ISSN …, 2014",2014,8,https://scholar.google.com/scholar?oi=bibs&hl=en&cites=15466117640568527722,https://serpapi.com/search.json?cites=15466117640568527722&engine=google_scholar&hl=en,15466117640568527722
Evaluation of turmeric (Curcuma longa L.) varieties for rainfed cultivation,https://scholar.google.com/citations?view_op=view_citation&hl=en&user=S0rWhnMAAAAJ&pagesize=100&citation_for_view=S0rWhnMAAAAJ:Br1UauaknNIC,S0rWhnMAAAAJ:Br1UauaknNIC,"LN Naidu, K Purushotham","Journal of Horticultural Sciences 8 (1), 118-120, 2013",2013,8,https://scholar.google.com/scholar?oi=bibs&hl=en&cites=8106831215030623287,https://serpapi.com/search.json?cites=8106831215030623287&engine=google_scholar&hl=en,8106831215030623287
"Studies on the effects of biofertilizers on growth, yield and quality of tomato (Solanum lycopersicum L.).",https://scholar.google.com/citations?view_op=view_citation&hl=en&user=S0rWhnMAAAAJ&pagesize=100&citation_for_view=S0rWhnMAAAAJ:CdxZDUztZiMC,S0rWhnMAAAAJ:CdxZDUztZiMC,"PS Sudhakar, K Purushotham",,2008,8,https://scholar.google.com/scholar?oi=bibs&hl=en&cites=12661791271680589207,https://serpapi.com/search.json?cites=12661791271680589207&engine=google_scholar&hl=en,12661791271680589207
An approach to image denoising using autoencoders and spatial filters for Gaussian noise,https://scholar.google.com/citations?view_op=view_citation&hl=en&user=S0rWhnMAAAAJ&pagesize=100&citation_for_view=S0rWhnMAAAAJ:OcBU2YAGkTUC,S0rWhnMAAAAJ:OcBU2YAGkTUC,"AP Patil, A Pramod, A Harish, K Singh, K Purushotham","2021 11th International Conference on Cloud Computing, Data Science …, 2021",2021,7,https://scholar.google.com/scholar?oi=bibs&hl=en&cites=15144749519070582267,https://serpapi.com/search.json?cites=15144749519070582267&engine=google_scholar&hl=en,15144749519070582267
Deep learning-based architecture for social anxiety diagnosis,https://scholar.google.com/citations?view_op=view_citation&hl=en&user=S0rWhnMAAAAJ&pagesize=100&citation_for_view=S0rWhnMAAAAJ:Ehil0879vHcC,S0rWhnMAAAAJ:Ehil0879vHcC,"S Jere, AP Patil","2020 IEEE International Conference on Electronics, Computing and …, 2020",2020,7,https://scholar.google.com/scholar?oi=bibs&hl=en&cites=17277166034581458082,https://serpapi.com/search.json?cites=17277166034581458082&engine=google_scholar&hl=en,17277166034581458082
Green computing in communication networks,https://scholar.google.com/citations?view_op=view_citation&hl=en&user=S0rWhnMAAAAJ&pagesize=100&citation_for_view=S0rWhnMAAAAJ:DUooU5lO8OsC,S0rWhnMAAAAJ:DUooU5lO8OsC,"A Patil, A Goti","International Journal of Computer Applications 68 (23), 2013",2013,7,https://scholar.google.com/scholar?oi=bibs&hl=en&cites=12755324492135011749,https://serpapi.com/search.json?cites=12755324492135011749&engine=google_scholar&hl=en,12755324492135011749
Resistant sources in groundnut germplasm lines against peanut bud necrosis tospovirus disease,https://scholar.google.com/citations?view_op=view_citation&hl=en&user=S0rWhnMAAAAJ&pagesize=100&citation_for_view=S0rWhnMAAAAJ:0N-VGjzr574C,S0rWhnMAAAAJ:0N-VGjzr574C,"K Gopal, Y Sreenivasulu, V Gopi, P Subasini, SK Ahammed, ...","Archives of Phytopathology and Plant Protection 43 (5), 501-506, 2010",2010,7,https://scholar.google.com/scholar?oi=bibs&hl=en&cites=6404339880881064523,https://serpapi.com/search.json?cites=6404339880881064523&engine=google_scholar&hl=en,6404339880881064523
Musical instrument identification using supervised learning,https://scholar.google.com/citations?view_op=view_citation&hl=en&user=S0rWhnMAAAAJ&pagesize=100&citation_for_view=S0rWhnMAAAAJ:1qzjygNMrQYC,S0rWhnMAAAAJ:1qzjygNMrQYC,"RR Subramanian, M Yaswanth, BVR TS, KRS Vamsi, D Mahidhar, ...","2022 6th international conference on intelligent computing and control …, 2022",2022,6,https://scholar.google.com/scholar?oi=bibs&hl=en&cites=916877246868233102,https://serpapi.com/search.json?cites=916877246868233102&engine=google_scholar&hl=en,916877246868233102
JARVIS: An Intelligent Network Intrusion Detection and Prevention System,https://scholar.google.com/citations?view_op=view_citation&hl=en&user=S0rWhnMAAAAJ&pagesize=100&citation_for_view=S0rWhnMAAAAJ:b1wdh0AR-JQC,S0rWhnMAAAAJ:b1wdh0AR-JQC,"AP Patil, H Premkumar, P Hegde","2022 IEEE Fourth International Conference on Advances in Electronics …, 2022",2022,6,https://scholar.google.com/scholar?oi=bibs&hl=en&cites=2628490714868412982,https://serpapi.com/search.json?cites=2628490714868412982&engine=google_scholar&hl=en,2628490714868412982
Analytical study on load balancing algorithms in cloud computing,https://scholar.google.com/citations?view_op=view_citation&hl=en&user=S0rWhnMAAAAJ&pagesize=100&citation_for_view=S0rWhnMAAAAJ:pqnbT2bcN3wC,S0rWhnMAAAAJ:pqnbT2bcN3wC,"M Pai, S Rajarajeswari, DP Akarsha, SD Ashwini","Expert Clouds and Applications: Proceedings of ICOECA 2021, 631-646, 2021",2021,6,https://scholar.google.com/scholar?oi=bibs&hl=en&cites=12099352144809328998,https://serpapi.com/search.json?cites=12099352144809328998&engine=google_scholar&hl=en,12099352144809328998
On the fly classification of traffic in Anonymous Communication Networks using a Machine Learning approach,https://scholar.google.com/citations?view_op=view_citation&hl=en&user=S0rWhnMAAAAJ&pagesize=100&citation_for_view=S0rWhnMAAAAJ:hCrLmN-GePgC,S0rWhnMAAAAJ:hCrLmN-GePgC,"LCM Hurali, AP Patil","2020 IEEE International Conference on Advanced Networks and …, 2020",2020,6,https://scholar.google.com/scholar?oi=bibs&hl=en&cites=7593910450880535026,https://serpapi.com/search.json?cites=7593910450880535026&engine=google_scholar&hl=en,7593910450880535026
Feature extraction and selection techniques for text classification: a survey,https://scholar.google.com/citations?view_op=view_citation&hl=en&user=S0rWhnMAAAAJ&pagesize=100&citation_for_view=S0rWhnMAAAAJ:mlAyqtXpCwEC,S0rWhnMAAAAJ:mlAyqtXpCwEC,"P Sunagar, A Kanavalli, ND Shetty","International Journal of Advanced Research in Engineering and Technology 11 …, 2020",2020,6,https://scholar.google.com/scholar?oi=bibs&hl=en&cites=13247318724792053951,https://serpapi.com/search.json?cites=13247318724792053951&engine=google_scholar&hl=en,13247318724792053951
Open security system for cloud architecture,https://scholar.google.com/citations?view_op=view_citation&hl=en&user=S0rWhnMAAAAJ&pagesize=100&citation_for_view=S0rWhnMAAAAJ:cWzG1nlazyYC,S0rWhnMAAAAJ:cWzG1nlazyYC,"S Koushik, AP Patil","ICT and Critical Infrastructure: Proceedings of the 48th Annual Convention …, 2014",2014,6,https://scholar.google.com/scholar?oi=bibs&hl=en&cites=14427181859579036746,https://serpapi.com/search.json?cites=14427181859579036746&engine=google_scholar&hl=en,14427181859579036746
An improvised prespective to agile methodology,https://scholar.google.com/citations?view_op=view_citation&hl=en&user=S0rWhnMAAAAJ&pagesize=100&citation_for_view=S0rWhnMAAAAJ:ML0RJ9NH7IQC,S0rWhnMAAAAJ:ML0RJ9NH7IQC,"HP Rakshith, AP Patil","2013 IEEE 3rd International Conference on System Engineering and Technology …, 2013",2013,6,https://scholar.google.com/scholar?oi=bibs&hl=en&cites=425053230255130247,https://serpapi.com/search.json?cites=425053230255130247&engine=google_scholar&hl=en,425053230255130247
OUTLIER DETECTION AND INFLUENTIAL POINT OBSERVATION IN LINEAR REGRESSION USING CLUSTERING TECHNIQUES IN FINANCIAL TIME SERIES DATA.,https://scholar.google.com/citations?view_op=view_citation&hl=en&user=S0rWhnMAAAAJ&pagesize=100&citation_for_view=S0rWhnMAAAAJ:WA5NYHcadZ8C,S0rWhnMAAAAJ:WA5NYHcadZ8C,"V Ilango, R Subramanian, V Vasudevan","Journal of Theoretical & Applied Information Technology 49 (2), 2013",2013,6,https://scholar.google.com/scholar?oi=bibs&hl=en&cites=3664714721771109518,https://serpapi.com/search.json?cites=3664714721771109518&engine=google_scholar&hl=en,3664714721771109518
An empirical study on feature selection for data classification,https://scholar.google.com/citations?view_op=view_citation&hl=en&user=S0rWhnMAAAAJ&pagesize=100&citation_for_view=S0rWhnMAAAAJ:qjMakFHDy7sC,S0rWhnMAAAAJ:qjMakFHDy7sC,"S Rajarajeswari, K Somasundaram","International Journal of Advanced Computer Research 2 (3), 111, 2012",2012,6,https://scholar.google.com/scholar?oi=bibs&hl=en&cites=11046019280873925701,https://serpapi.com/search.json?cites=11046019280873925701&engine=google_scholar&hl=en,11046019280873925701
"Finger printing of acid lime varieties and clones having varied resistance to bacterial canker, using RAPD marker",https://scholar.google.com/citations?view_op=view_citation&hl=en&user=S0rWhnMAAAAJ&pagesize=100&citation_for_view=S0rWhnMAAAAJ:rmuvC79q63oC,S0rWhnMAAAAJ:rmuvC79q63oC,"K Alpaa, K Gopal, V Gopi, S Aliya, B Sreenivasulu, K Purushotham","Archives of Phytopathology and Plant Protection 43 (7), 624-633, 2010",2010,6,https://scholar.google.com/scholar?oi=bibs&hl=en&cites=8010684960877785563,https://serpapi.com/search.json?cites=8010684960877785563&engine=google_scholar&hl=en,8010684960877785563
A simple method to diagnose nut weevil incidence in mango.,https://scholar.google.com/citations?view_op=view_citation&hl=en&user=S0rWhnMAAAAJ&pagesize=100&citation_for_view=S0rWhnMAAAAJ:MhiOAD_qIWkC,S0rWhnMAAAAJ:MhiOAD_qIWkC,"TU Maheswari, K Purushotham",,1999,6,https://scholar.google.com/scholar?oi=bibs&hl=en&cites=2311362064032226640,https://serpapi.com/search.json?cites=2311362064032226640&engine=google_scholar&hl=en,2311362064032226640
Real-time translation of indian sign language to assist the hearing and speech impaired,https://scholar.google.com/citations?view_op=view_citation&hl=en&user=S0rWhnMAAAAJ&pagesize=100&citation_for_view=S0rWhnMAAAAJ:a0OBvERweLwC,S0rWhnMAAAAJ:a0OBvERweLwC,"S Rajarajeswari, NM Renji, P Kumari, M Keshavamurthy, K Kruthika","Innovations in Computational Intelligence and Computer Vision: Proceedings …, 2022",2022,5,https://scholar.google.com/scholar?oi=bibs&hl=en&cites=10446854673225966578,https://serpapi.com/search.json?cites=10446854673225966578&engine=google_scholar&hl=en,10446854673225966578
Intrusion detection system using deep learning,https://scholar.google.com/citations?view_op=view_citation&hl=en&user=S0rWhnMAAAAJ&pagesize=100&citation_for_view=S0rWhnMAAAAJ:ClCfbGk0d_YC,S0rWhnMAAAAJ:ClCfbGk0d_YC,"PC Sunagar, A Kanavalli","Deep learning applications for cyber-physical systems, 160-181, 2022",2022,5,https://scholar.google.com/scholar?oi=bibs&hl=en&cites=7586326289817842717,https://serpapi.com/search.json?cites=7586326289817842717&engine=google_scholar&hl=en,7586326289817842717
Forensic verification of handwritten documents using secure multi party computation,https://scholar.google.com/citations?view_op=view_citation&hl=en&user=S0rWhnMAAAAJ&pagesize=100&citation_for_view=S0rWhnMAAAAJ:tzM49s52ZIMC,S0rWhnMAAAAJ:tzM49s52ZIMC,"RR Subramanian, H Mohan, KPL Syamala, CS Niharika, E Venkatesh, ...","2021 international conference on advancements in electrical, electronics …, 2021",2021,5,https://scholar.google.com/scholar?oi=bibs&hl=en&cites=12357522323699786407,https://serpapi.com/search.json?cites=12357522323699786407&engine=google_scholar&hl=en,12357522323699786407
Dataset for modeling Beck’s cognitive triad to understand depression,https://scholar.google.com/citations?view_op=view_citation&hl=en&user=S0rWhnMAAAAJ&pagesize=100&citation_for_view=S0rWhnMAAAAJ:WZBGuue-350C,S0rWhnMAAAAJ:WZBGuue-350C,"S Jere, AP Patil, GI Shidaganti, SS Aladakatti, L Jayannavar","Data in Brief 38, 107431, 2021",2021,5,https://scholar.google.com/scholar?oi=bibs&hl=en&cites=3636213126380288725,https://serpapi.com/search.json?cites=3636213126380288725&engine=google_scholar&hl=en,3636213126380288725
Design and Implementation of an Audio Fingerprinting System for the Identification of Audio Recordings,https://scholar.google.com/citations?view_op=view_citation&hl=en&user=S0rWhnMAAAAJ&pagesize=100&citation_for_view=S0rWhnMAAAAJ:yqoGN6RLRZoC,S0rWhnMAAAAJ:yqoGN6RLRZoC,"AP Patil, LJ Itagi, M Ravi","2021 IEEE 9th Region 10 Humanitarian Technology Conference (R10-HTC), 01-06, 2021",2021,5,https://scholar.google.com/scholar?oi=bibs&hl=en&cites=16145343409352152459,https://serpapi.com/search.json?cites=16145343409352152459&engine=google_scholar&hl=en,16145343409352152459
A Combination of enhanced WordNet and BERT for semantic textual similarity,https://scholar.google.com/citations?view_op=view_citation&hl=en&user=S0rWhnMAAAAJ&pagesize=100&citation_for_view=S0rWhnMAAAAJ:zA6iFVUQeVQC,S0rWhnMAAAAJ:zA6iFVUQeVQC,"S Srinarasi, R Ram, S Raghavendra, A P Patil, S Rajarajeswari, M Belgod, ...","Proceedings of the 2021 2nd International Conference on Control, Robotics …, 2021",2021,5,https://scholar.google.com/scholar?oi=bibs&hl=en&cites=12169910501095716538,https://serpapi.com/search.json?cites=12169910501095716538&engine=google_scholar&hl=en,12169910501095716538
Create shared value-A win-win business model,https://scholar.google.com/citations?view_op=view_citation&hl=en&user=S0rWhnMAAAAJ&pagesize=100&citation_for_view=S0rWhnMAAAAJ:vV6vV6tmYwMC,S0rWhnMAAAAJ:vV6vV6tmYwMC,"S Rajarajeswari, K Srinivasan","International Journal of Engineering and Management Research 11 (3), 15-21, 2021",2021,5,https://scholar.google.com/scholar?oi=bibs&hl=en&cites=7791484258926976470,https://serpapi.com/search.json?cites=7791484258926976470&engine=google_scholar&hl=en,7791484258926976470
Imparting quality education with practical approach: Using cloud computing for education case study,https://scholar.google.com/citations?view_op=view_citation&hl=en&user=S0rWhnMAAAAJ&pagesize=100&citation_for_view=S0rWhnMAAAAJ:F9fV5C73w3QC,S0rWhnMAAAAJ:F9fV5C73w3QC,"AP Patil, TSS Sree","2020 IEEE Bangalore Humanitarian Technology Conference (B-HTC), 1-4, 2020",2020,5,https://scholar.google.com/scholar?oi=bibs&hl=en&cites=16274161627589334937,https://serpapi.com/search.json?cites=16274161627589334937&engine=google_scholar&hl=en,16274161627589334937
Music Generation Using Deep Learning Techniques,https://scholar.google.com/citations?view_op=view_citation&hl=en&user=S0rWhnMAAAAJ&pagesize=100&citation_for_view=S0rWhnMAAAAJ:RHpTSmoSYBkC,S0rWhnMAAAAJ:RHpTSmoSYBkC,"RD V.PrashantKrishnan, S.Rajarajeswari, VenkatKrishnamohan, VivekChandraSheel","Journal of Computational and Theoretical Nanoscience 17 (11), 3983–3987, 2020",2020,5,https://scholar.google.com/scholar?oi=bibs&hl=en&cites=5314869686410303263,https://serpapi.com/search.json?cites=5314869686410303263&engine=google_scholar&hl=en,5314869686410303263
"Cross-sectional study of emotional quotient among post graduate students in Rajarajeswari medical college and hospital, Bengaluru",https://scholar.google.com/citations?view_op=view_citation&hl=en&user=S0rWhnMAAAAJ&pagesize=100&citation_for_view=S0rWhnMAAAAJ:wKETBy42zhYC,S0rWhnMAAAAJ:wKETBy42zhYC,"A Subramanian, S Manjunatha","Int J Community Med Public Health 6, 2570, 2019",2019,5,https://scholar.google.com/scholar?oi=bibs&hl=en&cites=4435699716941709313,https://serpapi.com/search.json?cites=4435699716941709313&engine=google_scholar&hl=en,4435699716941709313
Implementation and performance evaluation of an adaptive routing algorithm in manets,https://scholar.google.com/citations?view_op=view_citation&hl=en&user=S0rWhnMAAAAJ&pagesize=100&citation_for_view=S0rWhnMAAAAJ:ILKRHgRFtOwC,S0rWhnMAAAAJ:ILKRHgRFtOwC,"AP Patil, KR Kanth, A Yadhava, R HP, J Tom","2011IEEE 10th International Conference on Trust, Security and Privacy in …, 2011",2011,5,https://scholar.google.com/scholar?oi=bibs&hl=en&cites=2014804464336095447,https://serpapi.com/search.json?cites=2014804464336095447&engine=google_scholar&hl=en,2014804464336095447
On the problem of non-transport of electrons in disordered systems (Anderson localization),https://scholar.google.com/citations?view_op=view_citation&hl=en&user=S0rWhnMAAAAJ&pagesize=100&citation_for_view=S0rWhnMAAAAJ:1yQoGdGgb4wC,S0rWhnMAAAAJ:1yQoGdGgb4wC,"KB Athreya, RR Subramanian, N Kumar","Current Science 41 (24), 867-870, 1972",1972,5,https://scholar.google.com/scholar?oi=bibs&hl=en&cites=8996359235025058169,https://serpapi.com/search.json?cites=8996359235025058169&engine=google_scholar&hl=en,8996359235025058169
Implementation of handwritten character recognition using quanvolutional neural network,https://scholar.google.com/citations?view_op=view_citation&hl=en&user=S0rWhnMAAAAJ&pagesize=100&citation_for_view=S0rWhnMAAAAJ:4hFrxpcac9AC,S0rWhnMAAAAJ:4hFrxpcac9AC,"AP Patil, S Pandey, ND Kasat, S Modi, S Raj, R Kulkarni","2022 IEEE North Karnataka subsection flagship international conference …, 2022",2022,4,https://scholar.google.com/scholar?oi=bibs&hl=en&cites=11956680229209796117,https://serpapi.com/search.json?cites=11956680229209796117&engine=google_scholar&hl=en,11956680229209796117
Ensemble Model to Forecast the End of the COVID-19 Pandemic,https://scholar.google.com/citations?view_op=view_citation&hl=en&user=S0rWhnMAAAAJ&pagesize=100&citation_for_view=S0rWhnMAAAAJ:cFHS6HbyZ2cC,S0rWhnMAAAAJ:cFHS6HbyZ2cC,"S Shwetha, P Sunagar, S Rajarajeswari, A Kanavalli","Proceedings of Third International Conference on Communication, Computing …, 2022",2022,4,https://scholar.google.com/scholar?oi=bibs&hl=en&cites=15631009909170461219,https://serpapi.com/search.json?cites=15631009909170461219&engine=google_scholar&hl=en,15631009909170461219
Proof of solution: Implementation of work history as stake in blockchain applications,https://scholar.google.com/citations?view_op=view_citation&hl=en&user=S0rWhnMAAAAJ&pagesize=100&citation_for_view=S0rWhnMAAAAJ:FAceZFleit8C,S0rWhnMAAAAJ:FAceZFleit8C,"MHM Kiran, AP Patil, H Premkumar, P Hegde, PSR Kumar","2021 IEEE 18th India Council International Conference (INDICON), 1-6, 2021",2021,4,https://scholar.google.com/scholar?oi=bibs&hl=en&cites=10765481175630213454,https://serpapi.com/search.json?cites=10765481175630213454&engine=google_scholar&hl=en,10765481175630213454
Assessing and Monitoring Dietary Intake,https://scholar.google.com/citations?view_op=view_citation&hl=en&user=S0rWhnMAAAAJ&pagesize=100&citation_for_view=S0rWhnMAAAAJ:dTyEYWd-f8wC,S0rWhnMAAAAJ:dTyEYWd-f8wC,"RR Subramanian, M Kancharla, SH Duddekula, AVN Harshith, ...","2021 International Conference on Advancements in Electrical, Electronics …, 2021",2021,4,https://scholar.google.com/scholar?oi=bibs&hl=en&cites=5422991937420981584,https://serpapi.com/search.json?cites=5422991937420981584&engine=google_scholar&hl=en,5422991937420981584
A case study on the student centric course in engineering programme leveraging pbl,https://scholar.google.com/citations?view_op=view_citation&hl=en&user=S0rWhnMAAAAJ&pagesize=100&citation_for_view=S0rWhnMAAAAJ:j8SEvjWlNXcC,S0rWhnMAAAAJ:j8SEvjWlNXcC,"RR Subramanian, C Sivapragasam","Journal of Engineering Education Transformations, 27-41, 2021",2021,4,https://scholar.google.com/scholar?oi=bibs&hl=en&cites=15128530150058440537,https://serpapi.com/search.json?cites=15128530150058440537&engine=google_scholar&hl=en,15128530150058440537
"Analysis of amplify forward, decode and amplify forward, and compression forward relay for single and multi-node cognitive radio networks",https://scholar.google.com/citations?view_op=view_citation&hl=en&user=S0rWhnMAAAAJ&pagesize=100&citation_for_view=S0rWhnMAAAAJ:N5tVd3kTz84C,S0rWhnMAAAAJ:N5tVd3kTz84C,"B Perumal, J Deny, R Sudharsan, E Muthukumaran, R Subramanian","ICASISET 2020: Proceedings of the First International Conference on Advanced …, 2021",2021,4,https://scholar.google.com/scholar?oi=bibs&hl=en&cites=8676523712815540253,https://serpapi.com/search.json?cites=8676523712815540253&engine=google_scholar&hl=en,8676523712815540253
A survey report on hypernym techniques for text classification,https://scholar.google.com/citations?view_op=view_citation&hl=en&user=S0rWhnMAAAAJ&pagesize=100&citation_for_view=S0rWhnMAAAAJ:IUKN3-7HHlwC,S0rWhnMAAAAJ:IUKN3-7HHlwC,"P Sunagar, A Kanavalli, S Shweta","2020 Fifth International Conference on Research in Computational …, 2020",2020,4,https://scholar.google.com/scholar?oi=bibs&hl=en&cites=13661232412066567405,https://serpapi.com/search.json?cites=13661232412066567405&engine=google_scholar&hl=en,13661232412066567405
Analysis of sentiments in political-based tweets using machine learning techniques,https://scholar.google.com/citations?view_op=view_citation&hl=en&user=S0rWhnMAAAAJ&pagesize=100&citation_for_view=S0rWhnMAAAAJ:ZzlSgRqYykMC,S0rWhnMAAAAJ:ZzlSgRqYykMC,"VK KM, P Sunagar, A Kanavalli","2019 Global Conference for Advancement in Technology (GCAT), 1-5, 2019",2019,4,https://scholar.google.com/scholar?oi=bibs&hl=en&cites=18091723576172796908,https://serpapi.com/search.json?cites=18091723576172796908&engine=google_scholar&hl=en,18091723576172796908
Assessment of molecular diversity in Elite Sweet Orange (Citrus sinensis L. Osback) accessions using RAPD markers,https://scholar.google.com/citations?view_op=view_citation&hl=en&user=S0rWhnMAAAAJ&pagesize=100&citation_for_view=S0rWhnMAAAAJ:e_rmSamDkqQC,S0rWhnMAAAAJ:e_rmSamDkqQC,"C Madhumathi, K Purushotham, R Chandhrasekhar, K Gopal, MR Sekhar, ...","Electronic Journal of Plant Breeding 7 (2), 332-340, 2016",2016,4,https://scholar.google.com/scholar?oi=bibs&hl=en&cites=3912690251206023275,https://serpapi.com/search.json?cites=3912690251206023275&engine=google_scholar&hl=en,3912690251206023275
Analyzing the performance of AntHocNet protocol for MANETs,https://scholar.google.com/citations?view_op=view_citation&hl=en&user=S0rWhnMAAAAJ&pagesize=100&citation_for_view=S0rWhnMAAAAJ:M7yex6snE4oC,S0rWhnMAAAAJ:M7yex6snE4oC,"AP Patil, K Rajanikant","International Journal of Computer Applications 57 (5), 2012",2012,4,https://scholar.google.com/scholar?oi=bibs&hl=en&cites=3566477513975160441,https://serpapi.com/search.json?cites=3566477513975160441&engine=google_scholar&hl=en,3566477513975160441
The Power of Virtual Reality-Next-Gen Radiology Training,https://scholar.google.com/citations?view_op=view_citation&hl=en&user=S0rWhnMAAAAJ&pagesize=100&citation_for_view=S0rWhnMAAAAJ:VOx2b1Wkg3QC,S0rWhnMAAAAJ:VOx2b1Wkg3QC,"A Ahmed, S Rajarajeswari, M Mallegowda, N Subash","15th International Conference on Computing Communication and Networking …, 2024",2024,3,https://scholar.google.com/scholar?oi=bibs&hl=en&cites=17005399410760166343,https://serpapi.com/search.json?cites=17005399410760166343&engine=google_scholar&hl=en,17005399410760166343
A deep reinforcement learning approach to the ancient indian game-chowka bhara,https://scholar.google.com/citations?view_op=view_citation&hl=en&user=S0rWhnMAAAAJ&pagesize=100&citation_for_view=S0rWhnMAAAAJ:6bLC7aUMtPcC,S0rWhnMAAAAJ:6bLC7aUMtPcC,"AP Patil, S Raghavendra, S Srinarasi, R Ram","Authorea Preprints, 2023",2023,3,https://scholar.google.com/scholar?oi=bibs&hl=en&cites=12760918127721135463,https://serpapi.com/search.json?cites=12760918127721135463&engine=google_scholar&hl=en,12760918127721135463
"Discerning the traffic in anonymous communication networks using machine learning: concepts, techniques and future trends",https://scholar.google.com/citations?view_op=view_citation&hl=en&user=S0rWhnMAAAAJ&pagesize=100&citation_for_view=S0rWhnMAAAAJ:yxmsSjX2EkcC,S0rWhnMAAAAJ:yxmsSjX2EkcC,"AP Patil, LCM Hurali","International Journal of Information and Decision Sciences 15 (1), 94-115, 2023",2023,3,https://scholar.google.com/scholar?oi=bibs&hl=en&cites=7681490365356452933,https://serpapi.com/search.json?cites=7681490365356452933&engine=google_scholar&hl=en,7681490365356452933
Survey on software solution for high performance packet processing,https://scholar.google.com/citations?view_op=view_citation&hl=en&user=S0rWhnMAAAAJ&pagesize=100&citation_for_view=S0rWhnMAAAAJ:abG-DnoFyZgC,S0rWhnMAAAAJ:abG-DnoFyZgC,"N Kishore, S Rajarajeswari, P Sunagar, A Kanavalli","Distributed Computing and Optimization Techniques: Select Proceedings of …, 2022",2022,3,https://scholar.google.com/scholar?oi=bibs&hl=en&cites=14763353215396026655,https://serpapi.com/search.json?cites=14763353215396026655&engine=google_scholar&hl=en,14763353215396026655
A patient-centered secured approach to E-health,https://scholar.google.com/citations?view_op=view_citation&hl=en&user=S0rWhnMAAAAJ&pagesize=100&citation_for_view=S0rWhnMAAAAJ:1sJd4Hv_s6UC,S0rWhnMAAAAJ:1sJd4Hv_s6UC,"A Sheeba, BU Maheswari, D Sam, VN Jenipher, S Rajarajeswari","2022 International Conference on Computer Communication and Informatics …, 2022",2022,3,https://scholar.google.com/scholar?oi=bibs&hl=en&cites=3571637709061949284,https://serpapi.com/search.json?cites=3571637709061949284&engine=google_scholar&hl=en,3571637709061949284
Detecting bias in the relative grading system using machine learning,https://scholar.google.com/citations?view_op=view_citation&hl=en&user=S0rWhnMAAAAJ&pagesize=100&citation_for_view=S0rWhnMAAAAJ:z_wVstp3MssC,S0rWhnMAAAAJ:z_wVstp3MssC,"RR Subramanian, DVVSS Sujan, DU Rani, M Devendrareddy, B Kusuma, ...","2021 International Conference on Advancements in Electrical, Electronics …, 2021",2021,3,https://scholar.google.com/scholar?oi=bibs&hl=en&cites=15539973656779783601,https://serpapi.com/search.json?cites=15539973656779783601&engine=google_scholar&hl=en,15539973656779783601
