﻿title,link,citation_id,authors,publication,year,cited_by.value,cited_by.link,cited_by.serpapi_link,cited_by.cites_id
Scef: a model for prevention of ddos attacks from the cloud,https://scholar.google.com/citations?view_op=view_citation&hl=en&user=U4Hi0MkAAAAJ&pagesize=100&citation_for_view=U4Hi0MkAAAAJ:Y0pCki6q_DkC,U4Hi0MkAAAAJ:Y0pCki6q_DkC,"GI Shidaganti, AS Inamdar, SV Rai, AM Rajeev","International Journal of Cloud Applications and Computing (IJCAC) 10 (3), 67-80, 2020",2020,44.0,https://scholar.google.com/scholar?oi=bibs&hl=en&cites=13370713668080209489,https://serpapi.com/search.json?cites=13370713668080209489&engine=google_scholar&hl=en,13370713668080209489
"Cloud storage security risks, practices and measures: A review",https://scholar.google.com/citations?view_op=view_citation&hl=en&user=U4Hi0MkAAAAJ&pagesize=100&citation_for_view=U4Hi0MkAAAAJ:WF5omc3nYNoC,U4Hi0MkAAAAJ:WF5omc3nYNoC,"A Syed, K Purushotham, G Shidaganti","2020 IEEE international conference for innovation in technology (INOCON), 1-4, 2020",2020,40.0,https://scholar.google.com/scholar?oi=bibs&hl=en&cites=12476917304108299329,https://serpapi.com/search.json?cites=12476917304108299329&engine=google_scholar&hl=en,12476917304108299329
Robotic process automation with AI and OCR to improve business process,https://scholar.google.com/citations?view_op=view_citation&hl=en&user=U4Hi0MkAAAAJ&pagesize=100&citation_for_view=U4Hi0MkAAAAJ:roLk4NBRz8UC,U4Hi0MkAAAAJ:roLk4NBRz8UC,"G Shidaganti, S Salil, P Anand, V Jadhav","2021 Second International Conference on Electronics and Sustainable …, 2021",2021,39.0,https://scholar.google.com/scholar?oi=bibs&hl=en&cites=17388929606329937731,https://serpapi.com/search.json?cites=17388929606329937731&engine=google_scholar&hl=en,17388929606329937731
Integration of RPA and AI in Industry 4.0,https://scholar.google.com/citations?view_op=view_citation&hl=en&user=U4Hi0MkAAAAJ&pagesize=100&citation_for_view=U4Hi0MkAAAAJ:Zph67rFs4hoC,U4Hi0MkAAAAJ:Zph67rFs4hoC,"G Shidaganti, KN Karthik, Anvith, NA Kantikar","Confluence of artificial intelligence and robotic process automation, 267-288, 2023",2023,12.0,https://scholar.google.com/scholar?oi=bibs&hl=en&cites=7702891443724018206,https://serpapi.com/search.json?cites=7702891443724018206&engine=google_scholar&hl=en,7702891443724018206
Chatgpt: Information retrieval from image using robotic process automation and ocr,https://scholar.google.com/citations?view_op=view_citation&hl=en&user=U4Hi0MkAAAAJ&pagesize=100&citation_for_view=U4Hi0MkAAAAJ:4TOpqqG69KYC,U4Hi0MkAAAAJ:4TOpqqG69KYC,"G Shidaganti, R Sanjana, K Shubeeksh, VRM Raman, V Thakshith","2023 7th International Conference on Intelligent Computing and Control …, 2023",2023,11.0,https://scholar.google.com/scholar?oi=bibs&hl=en&cites=1386535352652160431,https://serpapi.com/search.json?cites=1386535352652160431&engine=google_scholar&hl=en,1386535352652160431
Multi-parameter based educational recommendation system for online courses: A content based filtering approach,https://scholar.google.com/citations?view_op=view_citation&hl=en&user=U4Hi0MkAAAAJ&pagesize=100&citation_for_view=U4Hi0MkAAAAJ:qxL8FJ1GzNcC,U4Hi0MkAAAAJ:qxL8FJ1GzNcC,"SR Goudar, G Shidaganti","2023 International Conference on Network, Multimedia and Information …, 2023",2023,5.0,https://scholar.google.com/scholar?oi=bibs&hl=en&cites=11681749581647960033,https://serpapi.com/search.json?cites=11681749581647960033&engine=google_scholar&hl=en,11681749581647960033
Analyzing and Automating Customer Service Queries on Twitter Using Robotic Process Automation,https://scholar.google.com/citations?view_op=view_citation&hl=en&user=U4Hi0MkAAAAJ&pagesize=100&citation_for_view=U4Hi0MkAAAAJ:_kc_bZDykSQC,U4Hi0MkAAAAJ:_kc_bZDykSQC,"SSSS T. N. Ram Kumar, Ganeshayya Shidaganti, Prarthana Anand","Journal of Computer Science 19 (4), 514-525, 2023",2023,5.0,https://scholar.google.com/scholar?oi=bibs&hl=en&cites=7455017553305839758,https://serpapi.com/search.json?cites=7455017553305839758&engine=google_scholar&hl=en,7455017553305839758
Blockchain based digital record storage and security for education using polygon and ipfs,https://scholar.google.com/citations?view_op=view_citation&hl=en&user=U4Hi0MkAAAAJ&pagesize=100&citation_for_view=U4Hi0MkAAAAJ:ULOm3_A8WrAC,U4Hi0MkAAAAJ:ULOm3_A8WrAC,"G Shidaganti, S Prajwal, N Bharadwaj","2022 4th International Conference on Circuits, Control, Communication and …, 2022",2022,5.0,https://scholar.google.com/scholar?oi=bibs&hl=en&cites=7587665532909390022,https://serpapi.com/search.json?cites=7587665532909390022&engine=google_scholar&hl=en,7587665532909390022
Summarization of student feedback using sentiment analysis: Case study,https://scholar.google.com/citations?view_op=view_citation&hl=en&user=U4Hi0MkAAAAJ&pagesize=100&citation_for_view=U4Hi0MkAAAAJ:UebtZRa9Y70C,U4Hi0MkAAAAJ:UebtZRa9Y70C,"G Shidaganti, H Dagdi, I Jagdish","2021 2nd Global Conference for Advancement in Technology (GCAT), 1-4, 2021",2021,5.0,https://scholar.google.com/scholar?oi=bibs&hl=en&cites=8507395655002298019,https://serpapi.com/search.json?cites=8507395655002298019&engine=google_scholar&hl=en,8507395655002298019
Dataset for modeling Beck’s cognitive triad to understand depression,https://scholar.google.com/citations?view_op=view_citation&hl=en&user=U4Hi0MkAAAAJ&pagesize=100&citation_for_view=U4Hi0MkAAAAJ:Se3iqnhoufwC,U4Hi0MkAAAAJ:Se3iqnhoufwC,"S Jere, AP Patil, GI Shidaganti, SS Aladakatti, L Jayannavar","Data in Brief 38, 107431, 2021",2021,5.0,https://scholar.google.com/scholar?oi=bibs&hl=en&cites=3636213126380288725,https://serpapi.com/search.json?cites=3636213126380288725&engine=google_scholar&hl=en,3636213126380288725
Analysis and exploitation of Twitter data using machine learning techniques,https://scholar.google.com/citations?view_op=view_citation&hl=en&user=U4Hi0MkAAAAJ&pagesize=100&citation_for_view=U4Hi0MkAAAAJ:qjMakFHDy7sC,U4Hi0MkAAAAJ:qjMakFHDy7sC,"G Shidaganti, RG Hulkund, S Prakash","International Proceedings on Advances in Soft Computing, Intelligent Systems …, 2017",2017,5.0,https://scholar.google.com/scholar?oi=bibs&hl=en&cites=10460970326444030190,https://serpapi.com/search.json?cites=10460970326444030190&engine=google_scholar&hl=en,10460970326444030190
User Authentication Methods and Techniques by Graphical Password: A Survey,https://scholar.google.com/citations?view_op=view_citation&hl=en&user=U4Hi0MkAAAAJ&pagesize=100&citation_for_view=U4Hi0MkAAAAJ:2osOgNQ5qMEC,U4Hi0MkAAAAJ:2osOgNQ5qMEC,"S Sathish, AB Joshi, GI Shidaganti","International Journal of Computer Applications & Information Technology 2 (3 …, 2013",2013,5.0,https://scholar.google.com/scholar?oi=bibs&hl=en&cites=17761790242276335162,https://serpapi.com/search.json?cites=17761790242276335162&engine=google_scholar&hl=en,17761790242276335162
Challenges in banking and solving them using RPA,https://scholar.google.com/citations?view_op=view_citation&hl=en&user=U4Hi0MkAAAAJ&pagesize=100&citation_for_view=U4Hi0MkAAAAJ:KlAtU1dfN6UC,U4Hi0MkAAAAJ:KlAtU1dfN6UC,"G Shidaganti, L Khandelwal, K Gupta, H Vaswani","Confluence of Artificial Intelligence and Robotic Process Automation, 133-156, 2023",2023,4.0,https://scholar.google.com/scholar?oi=bibs&hl=en&cites=3702528611265936837,https://serpapi.com/search.json?cites=3702528611265936837&engine=google_scholar&hl=en,3702528611265936837
A Comprehensive Framework for Big Data Analytics in Education,https://scholar.google.com/citations?view_op=view_citation&hl=en&user=U4Hi0MkAAAAJ&pagesize=100&citation_for_view=U4Hi0MkAAAAJ:hqOjcs7Dif8C,U4Hi0MkAAAAJ:hqOjcs7Dif8C,PS Ganeshayya Shidaganti,"International Journal of Advanced Computer Science and Applications 12 (9 …, 2021",2021,4.0,https://scholar.google.com/scholar?oi=bibs&hl=en&cites=7307966736484149240,https://serpapi.com/search.json?cites=7307966736484149240&engine=google_scholar&hl=en,7307966736484149240
Enhancing data protection using cryptography and image steganography in cloud environment,https://scholar.google.com/citations?view_op=view_citation&hl=en&user=U4Hi0MkAAAAJ&pagesize=100&citation_for_view=U4Hi0MkAAAAJ:hC7cP41nSMkC,U4Hi0MkAAAAJ:hC7cP41nSMkC,"G Shidaganti, VL Manoj, M Vinay, P Patil","2024 5th International Conference on Circuits, Control, Communication and …, 2024",2024,3.0,https://scholar.google.com/scholar?oi=bibs&hl=en&cites=11553159250991162904,https://serpapi.com/search.json?cites=11553159250991162904&engine=google_scholar&hl=en,11553159250991162904
Role of RPA in intelligent auditing,https://scholar.google.com/citations?view_op=view_citation&hl=en&user=U4Hi0MkAAAAJ&pagesize=100&citation_for_view=U4Hi0MkAAAAJ:kNdYIx-mwKoC,U4Hi0MkAAAAJ:kNdYIx-mwKoC,"G Shidaganti, L Ramdas, KS Balaji, A Bawazir","Confluence of Artificial Intelligence and Robotic Process Automation, 15-40, 2023",2023,3.0,https://scholar.google.com/scholar?oi=bibs&hl=en&cites=2123319036214941147,https://serpapi.com/search.json?cites=2123319036214941147&engine=google_scholar&hl=en,2123319036214941147
Classification of student mental health prediction using LSTM,https://scholar.google.com/citations?view_op=view_citation&hl=en&user=U4Hi0MkAAAAJ&pagesize=100&citation_for_view=U4Hi0MkAAAAJ:8k81kl-MbHgC,U4Hi0MkAAAAJ:8k81kl-MbHgC,"S Gangbo, G Shidaganti","2022 IEEE 3rd Global Conference for Advancement in Technology (GCAT), 1-6, 2022",2022,3.0,https://scholar.google.com/scholar?oi=bibs&hl=en&cites=2869973303549138569,https://serpapi.com/search.json?cites=2869973303549138569&engine=google_scholar&hl=en,2869973303549138569
Identification of Workflow Patterns in the Education System: A Multi-faceted Approach,https://scholar.google.com/citations?view_op=view_citation&hl=en&user=U4Hi0MkAAAAJ&pagesize=100&citation_for_view=U4Hi0MkAAAAJ:0EnyYjriUFMC,U4Hi0MkAAAAJ:0EnyYjriUFMC,"G Shidaganti, M Laxmi, S Prakash, G Shivamurthy","Intelligent Data Communication Technologies and Internet of Things …, 2022",2022,3.0,https://scholar.google.com/scholar?oi=bibs&hl=en&cites=1957699551255721127,https://serpapi.com/search.json?cites=1957699551255721127&engine=google_scholar&hl=en,1957699551255721127
Efficient and effective cellular technology: Femtocells,https://scholar.google.com/citations?view_op=view_citation&hl=en&user=U4Hi0MkAAAAJ&pagesize=100&citation_for_view=U4Hi0MkAAAAJ:9yKSN-GCB0IC,U4Hi0MkAAAAJ:9yKSN-GCB0IC,"RG Hulkund, G Shidaganti, B Ravishankar, T Shanmugam","2016 IEEE International Conference on Recent Trends in Electronics …, 2016",2016,3.0,https://scholar.google.com/scholar?oi=bibs&hl=en&cites=12114725138825515775,https://serpapi.com/search.json?cites=12114725138825515775&engine=google_scholar&hl=en,12114725138825515775
Feedback analysis of unstructured data from collabrative networking a BigData analytics approach,https://scholar.google.com/citations?view_op=view_citation&hl=en&user=U4Hi0MkAAAAJ&pagesize=100&citation_for_view=U4Hi0MkAAAAJ:u5HHmVD_uO8C,U4Hi0MkAAAAJ:u5HHmVD_uO8C,"G Shidaganti, S Prakash","International Conference on Circuits, Communication, Control and Computing …, 2014",2014,3.0,https://scholar.google.com/scholar?oi=bibs&hl=en&cites=8143354798003989774,https://serpapi.com/search.json?cites=8143354798003989774&engine=google_scholar&hl=en,8143354798003989774
Generative Adversarial Networks (GANs) for Education: State-Of-Art and Applications,https://scholar.google.com/citations?view_op=view_citation&hl=en&user=U4Hi0MkAAAAJ&pagesize=100&citation_for_view=U4Hi0MkAAAAJ:IWHjjKOFINEC,U4Hi0MkAAAAJ:IWHjjKOFINEC,"KN Kavyashree, G Shidaganti","International Conference on Power Engineering and Intelligent Systems (PEIS …, 2024",2024,2.0,https://scholar.google.com/scholar?oi=bibs&hl=en&cites=10357947974994900413,https://serpapi.com/search.json?cites=10357947974994900413&engine=google_scholar&hl=en,10357947974994900413
Enhancing Agricultural Supply Chain Management using Blockchain Technology,https://scholar.google.com/citations?view_op=view_citation&hl=en&user=U4Hi0MkAAAAJ&pagesize=100&citation_for_view=U4Hi0MkAAAAJ:Wp0gIr-vW9MC,U4Hi0MkAAAAJ:Wp0gIr-vW9MC,"G Shidaganti, MR Bhavani, CD Sneha, C Vanitha","2023 4th IEEE Global Conference for Advancement in Technology (GCAT), 1-6, 2023",2023,2.0,https://scholar.google.com/scholar?oi=bibs&hl=en&cites=4626757358369750867,https://serpapi.com/search.json?cites=4626757358369750867&engine=google_scholar&hl=en,4626757358369750867
Identification of student group activities in educational institute using cognitive analytics,https://scholar.google.com/citations?view_op=view_citation&hl=en&user=U4Hi0MkAAAAJ&pagesize=100&citation_for_view=U4Hi0MkAAAAJ:LkGwnXOMwfcC,U4Hi0MkAAAAJ:LkGwnXOMwfcC,"G Shidaganti, I Yadav, H Dagdi, Jagdish, Aman","International Conference on Innovative Computing and Communications …, 2021",2021,2.0,https://scholar.google.com/scholar?oi=bibs&hl=en&cites=10071253762735249801,https://serpapi.com/search.json?cites=10071253762735249801&engine=google_scholar&hl=en,10071253762735249801
Unsupervised Techniques to Develop a Social Networking Platform in an Educational Institute,https://scholar.google.com/citations?view_op=view_citation&hl=en&user=U4Hi0MkAAAAJ&pagesize=100&citation_for_view=U4Hi0MkAAAAJ:zYLM7Y9cAGgC,U4Hi0MkAAAAJ:zYLM7Y9cAGgC,"G Shidhaganti, A Patil","2019 IEEE Tenth International Conference on Technology for Education (T4E …, 2019",2019,2.0,https://scholar.google.com/scholar?oi=bibs&hl=en&cites=15274576335577918752,https://serpapi.com/search.json?cites=15274576335577918752&engine=google_scholar&hl=en,15274576335577918752
A non-intricate modeling of transformation and extracting knowledge from educational big data,https://scholar.google.com/citations?view_op=view_citation&hl=en&user=U4Hi0MkAAAAJ&pagesize=100&citation_for_view=U4Hi0MkAAAAJ:UeHWp8X0CEIC,U4Hi0MkAAAAJ:UeHWp8X0CEIC,"G Shidaganti, S Prakash","2018 3rd International Conference on Circuits, Control, Communication and …, 2018",2018,2.0,https://scholar.google.com/scholar?oi=bibs&hl=en&cites=9356789677641001330,https://serpapi.com/search.json?cites=9356789677641001330&engine=google_scholar&hl=en,9356789677641001330
A Conceptual Framework for Educational System Operation Management Synchronous with Big Data Approach,https://scholar.google.com/citations?view_op=view_citation&hl=en&user=U4Hi0MkAAAAJ&pagesize=100&citation_for_view=U4Hi0MkAAAAJ:u-x6o8ySG0sC,U4Hi0MkAAAAJ:u-x6o8ySG0sC,"GI Shidaganti, S Prakash","Applied Big Data Analytics in Operations Management, 107-132, 2017",2017,2.0,https://scholar.google.com/scholar?oi=bibs&hl=en&cites=17572429821581448010,https://serpapi.com/search.json?cites=17572429821581448010&engine=google_scholar&hl=en,17572429821581448010
Confluence of Teaching and Learning Through Digital Pedagogy,https://scholar.google.com/citations?view_op=view_citation&hl=en&user=U4Hi0MkAAAAJ&pagesize=100&citation_for_view=U4Hi0MkAAAAJ:ZeXyd9-uunAC,U4Hi0MkAAAAJ:ZeXyd9-uunAC,"KG Srinivasa, GM Siddesh","Cambridge Scholars Publishing, 2024",2024,1.0,https://scholar.google.com/scholar?oi=bibs&hl=en&cites=12345250437734643357,https://serpapi.com/search.json?cites=12345250437734643357&engine=google_scholar&hl=en,12345250437734643357
Image Segmentation Techniques for Bone Cancer Identification in X-ray and MRI Imagery,https://scholar.google.com/citations?view_op=view_citation&hl=en&user=U4Hi0MkAAAAJ&pagesize=100&citation_for_view=U4Hi0MkAAAAJ:L8Ckcad2t8MC,U4Hi0MkAAAAJ:L8Ckcad2t8MC,"M Likitha, GI Shidaganti","2024 Second International Conference on Networks, Multimedia and Information …, 2024",2024,1.0,https://scholar.google.com/scholar?oi=bibs&hl=en&cites=16029953590878271071,https://serpapi.com/search.json?cites=16029953590878271071&engine=google_scholar&hl=en,16029953590878271071
Innovative Agriculture System with Intelligent Integration of IoT and Machine Learning,https://scholar.google.com/citations?view_op=view_citation&hl=en&user=U4Hi0MkAAAAJ&pagesize=100&citation_for_view=U4Hi0MkAAAAJ:7PzlFSSx8tAC,U4Hi0MkAAAAJ:7PzlFSSx8tAC,"GI Shidaganti, MR Bhavani, CD Sneha, C Vanitha","2024 Second International Conference on Networks, Multimedia and Information …, 2024",2024,1.0,https://scholar.google.com/scholar?oi=bibs&hl=en&cites=1493501104291930662,https://serpapi.com/search.json?cites=1493501104291930662&engine=google_scholar&hl=en,1493501104291930662
Deep Learning Driven Web Security: Detecting and Preventing Explicit Content,https://scholar.google.com/citations?view_op=view_citation&hl=en&user=U4Hi0MkAAAAJ&pagesize=100&citation_for_view=U4Hi0MkAAAAJ:aqlVkmm33-oC,U4Hi0MkAAAAJ:aqlVkmm33-oC,"G Shidaganti, S Kumaran, V D, TBN Shetty","International Journal of Advanced Computer Science and Applications 14 (10 …, 2023",2023,1.0,https://scholar.google.com/scholar?oi=bibs&hl=en&cites=16717605595566082739,https://serpapi.com/search.json?cites=16717605595566082739&engine=google_scholar&hl=en,16717605595566082739
A comparison study on various continuous integration tools in software development,https://scholar.google.com/citations?view_op=view_citation&hl=en&user=U4Hi0MkAAAAJ&pagesize=100&citation_for_view=U4Hi0MkAAAAJ:ufrVoPGSRksC,U4Hi0MkAAAAJ:ufrVoPGSRksC,"Sheeba, G Shidaganti, AP Gosar","Machine Learning for Predictive Analysis: Proceedings of ICTIS 2020, 65-76, 2020",2020,1.0,https://scholar.google.com/scholar?oi=bibs&hl=en&cites=3721794764901133522,https://serpapi.com/search.json?cites=3721794764901133522&engine=google_scholar&hl=en,3721794764901133522
Curriculum Enrichment in Empowering “Corporate-Ready” Individuals,https://scholar.google.com/citations?view_op=view_citation&hl=en&user=U4Hi0MkAAAAJ&pagesize=100&citation_for_view=U4Hi0MkAAAAJ:IjCSPb-OGe4C,U4Hi0MkAAAAJ:IjCSPb-OGe4C,"G Shidaganti, S Prakash, KG Srinivasa","Fourth International Congress on Information and Communication Technology …, 2020",2020,1.0,https://scholar.google.com/scholar?oi=bibs&hl=en&cites=7038612172812866736,https://serpapi.com/search.json?cites=7038612172812866736&engine=google_scholar&hl=en,7038612172812866736
Rational Value Sequence based Singular Value Decomposition for facial recognition,https://scholar.google.com/citations?view_op=view_citation&hl=en&user=U4Hi0MkAAAAJ&pagesize=100&citation_for_view=U4Hi0MkAAAAJ:d1gkVwhDpl0C,U4Hi0MkAAAAJ:d1gkVwhDpl0C,"GI Shidaganti, S Chickerur","2013 International Conference on Advances in Computing, Communications and …, 2013",2013,1.0,https://scholar.google.com/scholar?oi=bibs&hl=en&cites=16486334817746589917,https://serpapi.com/search.json?cites=16486334817746589917&engine=google_scholar&hl=en,16486334817746589917
CUDA-Powered EDSR x4: Super-Resolution for Real-Time Video Enhancement,https://scholar.google.com/citations?view_op=view_citation&hl=en&user=U4Hi0MkAAAAJ&pagesize=100&citation_for_view=U4Hi0MkAAAAJ:R3hNpaxXUhUC,U4Hi0MkAAAAJ:R3hNpaxXUhUC,SKVD Ganeshayya Shidaganti,"Journal of Computer Science 21 (No. 6), 1284-1292, 2025",2025,,,,
Edge Computing in Educational Technology: The Power of Edge AI for Dynamic and Personalized Learning,https://scholar.google.com/citations?view_op=view_citation&hl=en&user=U4Hi0MkAAAAJ&pagesize=100&citation_for_view=U4Hi0MkAAAAJ:TQgYirikUcIC,U4Hi0MkAAAAJ:TQgYirikUcIC,"G Shidaganti, VA Raj, VRM Raman, S Kumaran","Edge of Intelligence: Exploring the Frontiers of AI at the Edge, 121-152, 2025",2025,,,,
KNN for Exploratory Drug Risk Analysis and Patient Well-Being: Enhanced,https://scholar.google.com/citations?view_op=view_citation&hl=en&user=U4Hi0MkAAAAJ&pagesize=100&citation_for_view=U4Hi0MkAAAAJ:mB3voiENLucC,U4Hi0MkAAAAJ:mB3voiENLucC,"VA Raj, VRM Raman, G Shidaganti","Proceedings of Fifth Doctoral Symposium on Computational Intelligence: DoSCI …, 2025",2025,,,,
Improving Students' Understanding of Education Using Generative Adversarial Networks: Bridging Text and Visuals,https://scholar.google.com/citations?view_op=view_citation&hl=en&user=U4Hi0MkAAAAJ&pagesize=100&citation_for_view=U4Hi0MkAAAAJ:-f6ydRqryjwC,U4Hi0MkAAAAJ:-f6ydRqryjwC,"GI Shidhaganti, KN Kavyashree, D Vishwachetan","2024 8th International Conference on Computational System and Information …, 2024",2024,,,,
and Applications,https://scholar.google.com/citations?view_op=view_citation&hl=en&user=U4Hi0MkAAAAJ&pagesize=100&citation_for_view=U4Hi0MkAAAAJ:hFOr9nPyWt4C,U4Hi0MkAAAAJ:hFOr9nPyWt4C,"KN Kavyashree, G Shidaganti","Power Engineering and Intelligent Systems: Proceedings of PEIS 2024, Volume …, 2024",2024,,,,
Exploratory analysis on the natural language processing models for task specific purposes,https://scholar.google.com/citations?view_op=view_citation&hl=en&user=U4Hi0MkAAAAJ&pagesize=100&citation_for_view=U4Hi0MkAAAAJ:mVmsd5A6BfQC,U4Hi0MkAAAAJ:mVmsd5A6BfQC,"G Shidaganti, R Shetty, T Edara, P Srinivas, SC Tammineni","Bulletin of Electrical Engineering and Informatics 13 (2), 1245-1255, 2024",2024,,,,
Empowering Rural Minds: Leveraging Predictive Analytics to Bridge Urban-Rural Educational Disparities Through Financial Assistance,https://scholar.google.com/citations?view_op=view_citation&hl=en&user=U4Hi0MkAAAAJ&pagesize=100&citation_for_view=U4Hi0MkAAAAJ:9ZlFYXVOiuMC,U4Hi0MkAAAAJ:9ZlFYXVOiuMC,"G Shidaganti, P Harebailu, KK Kumar, A Mohammad","2023 2nd International Conference on Futuristic Technologies (INCOFT), 2024",2024,,,,
Cloud-Based Real-Time Sign Language Detection and Voice Synthesis for Impaired Individuals Using Machine Learning,https://scholar.google.com/citations?view_op=view_citation&hl=en&user=U4Hi0MkAAAAJ&pagesize=100&citation_for_view=U4Hi0MkAAAAJ:dhFuZR0502QC,U4Hi0MkAAAAJ:dhFuZR0502QC,"VR Monish Raman, G Shidaganti, V Aditya Raj, SG Shibu, R Ismail","International Conference on Cognitive Computing and Information Processing …, 2023",2023,,,,
Unlocking the Mysteries of Speech: A Hybrid RNN-CNN Model for Vocal Language Identification,https://scholar.google.com/citations?view_op=view_citation&hl=en&user=U4Hi0MkAAAAJ&pagesize=100&citation_for_view=U4Hi0MkAAAAJ:4DMP91E08xMC,U4Hi0MkAAAAJ:4DMP91E08xMC,"G Shidaganti, P Harebailu, M Akmal","2023 IEEE International Conference on Distributed Computing, VLSI …, 2023",2023,,,,
KNN for Exploratory Drug Risk Analysis and Patient Well-Being: Enhanced Healthcare,https://scholar.google.com/citations?view_op=view_citation&hl=en&user=U4Hi0MkAAAAJ&pagesize=100&citation_for_view=U4Hi0MkAAAAJ:HDshCWvjkbEC,U4Hi0MkAAAAJ:HDshCWvjkbEC,"VA Raj, VRM Raman, G Shidaganti","Doctoral Symposium on Computational Intelligence, 13-24, 2023",2023,,,,
Assessing Student Engagement in Classroom Environment Using Computer Vision and Machine Learning Techniques: Case Study,https://scholar.google.com/citations?view_op=view_citation&hl=en&user=U4Hi0MkAAAAJ&pagesize=100&citation_for_view=U4Hi0MkAAAAJ:5nxA0vEk-isC,U4Hi0MkAAAAJ:5nxA0vEk-isC,"G Shidaganti, R Shetty, T Edara, P Srinivas, SC Tammineni","International Conference on Innovative Computing and Communications …, 2022",2022,,,,
Improvisation Of The Nature-Inspired Meta-Heuristic Algorithm For Optimized Clustering.,https://scholar.google.com/citations?view_op=view_citation&hl=en&user=U4Hi0MkAAAAJ&pagesize=100&citation_for_view=U4Hi0MkAAAAJ:MXK_kJrjxJIC,U4Hi0MkAAAAJ:MXK_kJrjxJIC,"S BJ, GS Sidaganti, A Kanavalli, SA Preetham, S Rao, S Kini","Webology 19 (2), 2022",2022,,,,
A Case Study on Distributed Consensus Problem on Cloud-Based Systems,https://scholar.google.com/citations?view_op=view_citation&hl=en&user=U4Hi0MkAAAAJ&pagesize=100&citation_for_view=U4Hi0MkAAAAJ:W7OEmFMy1HYC,U4Hi0MkAAAAJ:W7OEmFMy1HYC,"G Shidaganti, R Pravakar, M Shirisha, HR Samyuktha","Evolutionary Computing and Mobile Sustainable Networks: Proceedings of …, 2020",2020,,,,
Novel Framework for Quality Retention on Educational Big Data,https://scholar.google.com/citations?view_op=view_citation&hl=en&user=U4Hi0MkAAAAJ&pagesize=100&citation_for_view=U4Hi0MkAAAAJ:eQOLeE2rZwMC,U4Hi0MkAAAAJ:eQOLeE2rZwMC,"G Shidaganti, P Sheelvanthmath","Journal of Computational and Theoretical Nanoscience 17 (9-10), 4248-4254, 2020",2020,,,,
An Insightful Review on Educational Big Data Analytics in Cloud-based e-Learning System,https://scholar.google.com/citations?view_op=view_citation&hl=en&user=U4Hi0MkAAAAJ&pagesize=100&citation_for_view=U4Hi0MkAAAAJ:Tyk-4Ss8FVUC,U4Hi0MkAAAAJ:Tyk-4Ss8FVUC,"AK G Shidaganti, Prakash S, Srinivasa K G","International Journal of Advanced Science and Technology 28 (16), 332-344, 2019",2019,,,,
An Empirical study on Massive Open Online Courses(MOOCs),https://scholar.google.com/citations?view_op=view_citation&hl=en&user=U4Hi0MkAAAAJ&pagesize=100&citation_for_view=U4Hi0MkAAAAJ:YOwf2qJgpHMC,U4Hi0MkAAAAJ:YOwf2qJgpHMC,"PS Ganeshayya Shidaganti, Alex Loukham","International Journal of Computer Sciences and Engineering 6 (Issue.5 ,), pp …, 2018",2018,,,,
Energy Efficient Homogenous Clustering and Cluster Head Selection Algorithm for WSN,https://scholar.google.com/citations?view_op=view_citation&hl=en&user=U4Hi0MkAAAAJ&pagesize=100&citation_for_view=U4Hi0MkAAAAJ:_FxGoFyzp5QC,U4Hi0MkAAAAJ:_FxGoFyzp5QC,"GI Shidaganti, MR Mundada, T Bhuvaneswari, V CyrilRaj","IJECCE 4 (1), 70-74, 2013",2013,,,,
