﻿title,link,citation_id,authors,publication,year,cited_by.value,cited_by.link,cited_by.serpapi_link,cited_by.cites_id
Enhancing Stability in Autonomous Control Systems Through Fuzzy Gain Scheduling (FGS) and Lyapunov Function Analysis,https://scholar.google.com/citations?view_op=view_citation&hl=en&user=qX-0prYAAAAJ&pagesize=100&citation_for_view=qX-0prYAAAAJ:kRWSkSYxWN8C,qX-0prYAAAAJ:kRWSkSYxWN8C,"R Venkatesh, DD Rao, V Sangeetha, C Subbalakshmi, ...","International Journal of Applied and Computational Mathematics 10 (4), 130, 2024",2024,75.0,https://scholar.google.com/scholar?oi=bibs&hl=en&cites=13637671336817888495,https://serpapi.com/search.json?cites=13637671336817888495&engine=google_scholar&hl=en,13637671336817888495
Efficient Intrusion detection of malicious node using Bayesian Hybrid Detection in MANET,https://scholar.google.com/citations?view_op=view_citation&hl=en&user=qX-0prYAAAAJ&pagesize=100&citation_for_view=qX-0prYAAAAJ:yD5IFk8b50cC,qX-0prYAAAAJ:yD5IFk8b50cC,"V Sangeetha, M Vaneeta, SS Kumar, PK Pareek, S Dixit","IOP Conference Series: Materials Science and Engineering 1022 (1), 012077, 2021",2021,17.0,https://scholar.google.com/scholar?oi=bibs&hl=en&cites=4212791248242724198,https://serpapi.com/search.json?cites=4212791248242724198&engine=google_scholar&hl=en,4212791248242724198
Applying machine learning enabled myriad fragment empirical modes in 5G communications to detect profile injection attacks,https://scholar.google.com/citations?view_op=view_citation&hl=en&user=qX-0prYAAAAJ&pagesize=100&citation_for_view=qX-0prYAAAAJ:K3LRdlH-MEoC,qX-0prYAAAAJ:K3LRdlH-MEoC,"MS Alzaidi, PK Shukla, V Sangeetha, KN Pandagre, VK Minchula, ...","Wireless Networks 30 (6), 5533-5546, 2024",2024,11.0,https://scholar.google.com/scholar?oi=bibs&hl=en&cites=14443676972273031186,https://serpapi.com/search.json?cites=14443676972273031186&engine=google_scholar&hl=en,14443676972273031186
A comparative study on brain intracerebral hemorrhage classification using head CT scan for stroke analysis,https://scholar.google.com/citations?view_op=view_citation&hl=en&user=qX-0prYAAAAJ&pagesize=100&citation_for_view=qX-0prYAAAAJ:B3FOqHPlNUQC,qX-0prYAAAAJ:B3FOqHPlNUQC,"R Anusha Bai, V Sangeetha","International Conference on Soft Computing for Security Applications, 633-649, 2023",2023,6.0,https://scholar.google.com/scholar?oi=bibs&hl=en&cites=12804928941366822354,https://serpapi.com/search.json?cites=12804928941366822354&engine=google_scholar&hl=en,12804928941366822354
Detection of malicious node in mobile ad-hoc network,https://scholar.google.com/citations?view_op=view_citation&hl=en&user=qX-0prYAAAAJ&pagesize=100&citation_for_view=qX-0prYAAAAJ:UebtZRa9Y70C,qX-0prYAAAAJ:UebtZRa9Y70C,"V Sangeetha, SS Kumar","2018 International Conference on Power, Signals, Control and Computation …, 2018",2018,5.0,https://scholar.google.com/scholar?oi=bibs&hl=en&cites=3538911849013823028,https://serpapi.com/search.json?cites=3538911849013823028&engine=google_scholar&hl=en,3538911849013823028
ZIDS: zonal-based intrusion detection system for studying the malicious node behaviour in MANET,https://scholar.google.com/citations?view_op=view_citation&hl=en&user=qX-0prYAAAAJ&pagesize=100&citation_for_view=qX-0prYAAAAJ:3s1wT3WcHBgC,qX-0prYAAAAJ:3s1wT3WcHBgC,"V Sangeetha, SS Kumar","2015 International Conference on Emerging Research in Electronics, Computer …, 2015",2015,5.0,https://scholar.google.com/scholar?oi=bibs&hl=en&cites=16823677497468342875,https://serpapi.com/search.json?cites=16823677497468342875&engine=google_scholar&hl=en,16823677497468342875
Trends and Prospectus of Blockchain Technology,https://scholar.google.com/citations?view_op=view_citation&hl=en&user=qX-0prYAAAAJ&pagesize=100&citation_for_view=qX-0prYAAAAJ:1qzjygNMrQYC,qX-0prYAAAAJ:1qzjygNMrQYC,"M Vaneeta, V Sangeetha, A Mamatha, A Kanavalli","Blockchain for IoT Systems: Concept, Framework and Applications, 78, 2024",2024,4.0,https://scholar.google.com/scholar?oi=bibs&hl=en&cites=15217163248649941389,https://serpapi.com/search.json?cites=15217163248649941389&engine=google_scholar&hl=en,15217163248649941389
Contemporary Research Trends in Plant Leaf Disease Detection,https://scholar.google.com/citations?view_op=view_citation&hl=en&user=qX-0prYAAAAJ&pagesize=100&citation_for_view=qX-0prYAAAAJ:Tiz5es2fbqcC,qX-0prYAAAAJ:Tiz5es2fbqcC,"K Beena, V Sangeetha, SR Deepa, M Vaneeta","2022 4th International Conference on Circuits, Control, Communication and …, 2022",2022,4.0,https://scholar.google.com/scholar?oi=bibs&hl=en&cites=6049380773809780154,https://serpapi.com/search.json?cites=6049380773809780154&engine=google_scholar&hl=en,6049380773809780154
Generative adversarial networks based method for generating photo-realistic super resolution images,https://scholar.google.com/citations?view_op=view_citation&hl=en&user=qX-0prYAAAAJ&pagesize=100&citation_for_view=qX-0prYAAAAJ:_xSYboBqXhAC,qX-0prYAAAAJ:_xSYboBqXhAC,"DA Naik, V Sangeetha, G Sandhya","2021 Emerging Trends in Industry 4.0 (ETI 4.0), 1-6, 2021",2021,4.0,https://scholar.google.com/scholar?oi=bibs&hl=en&cites=502401120120027612,https://serpapi.com/search.json?cites=502401120120027612&engine=google_scholar&hl=en,502401120120027612
An Exploratory Study on Self-Sovereign Identity Powered by the Blockchain Technology,https://scholar.google.com/citations?view_op=view_citation&hl=en&user=qX-0prYAAAAJ&pagesize=100&citation_for_view=qX-0prYAAAAJ:P5F9QuxV20EC,qX-0prYAAAAJ:P5F9QuxV20EC,"MG Shashank, V Sangeetha, H Shilpa","EasyChair, 2021",2021,4.0,https://scholar.google.com/scholar?oi=bibs&hl=en&cites=16120128004323046489,https://serpapi.com/search.json?cites=16120128004323046489&engine=google_scholar&hl=en,16120128004323046489
Breast cancer prediction using genetic algorithm and sand cat swarm optimization algorithm,https://scholar.google.com/citations?view_op=view_citation&hl=en&user=qX-0prYAAAAJ&pagesize=100&citation_for_view=qX-0prYAAAAJ:AXPGKjj_ei8C,qX-0prYAAAAJ:AXPGKjj_ei8C,"MA Sangeetha V, Vaneeta M","Indonesian Journal of Electrical Engineering and Computer Science 37 (2 …, 2025",2025,3.0,https://scholar.google.com/scholar?oi=bibs&hl=en&cites=3242531582502984552,https://serpapi.com/search.json?cites=3242531582502984552&engine=google_scholar&hl=en,3242531582502984552
Object Detection for Visually Impaired Using MobileNetV2 and YOLOv3 Models,https://scholar.google.com/citations?view_op=view_citation&hl=en&user=qX-0prYAAAAJ&pagesize=100&citation_for_view=qX-0prYAAAAJ:XiVPGOgt02cC,qX-0prYAAAAJ:XiVPGOgt02cC,"KS Rokhade, V Sangeetha, A Mamatha","2024 Second International Conference on Networks, Multimedia and Information …, 2024",2024,3.0,https://scholar.google.com/scholar?oi=bibs&hl=en&cites=7602683664305178457,https://serpapi.com/search.json?cites=7602683664305178457&engine=google_scholar&hl=en,7602683664305178457
Hybrid Deep Learning-Based Air Pollution Prediction and Index Classification Using an Optimization Algorithm,https://scholar.google.com/citations?view_op=view_citation&hl=en&user=qX-0prYAAAAJ&pagesize=100&citation_for_view=qX-0prYAAAAJ:J-pR_7NvFogC,qX-0prYAAAAJ:J-pR_7NvFogC,"S Kutala, H Awari, S V, A Anthonisamy, NJ Bathula, S Inthiyaz","AIMS Environmental Science 11 (4), 551-575, 2024",2024,3.0,https://scholar.google.com/scholar?oi=bibs&hl=en&cites=3583542324493465675,https://serpapi.com/search.json?cites=3583542324493465675&engine=google_scholar&hl=en,3583542324493465675
Data-driven mathematical modeling for AI-based security applications,https://scholar.google.com/citations?view_op=view_citation&hl=en&user=qX-0prYAAAAJ&pagesize=100&citation_for_view=qX-0prYAAAAJ:XiSMed-E-HIC,qX-0prYAAAAJ:XiSMed-E-HIC,"SA Alex, A Parkavi, V Sangeetha","Handbook of Research on Data-Driven Mathematical Modeling in Smart Cities …, 2023",2023,3.0,https://scholar.google.com/scholar?oi=bibs&hl=en&cites=16900771944282641994,https://serpapi.com/search.json?cites=16900771944282641994&engine=google_scholar&hl=en,16900771944282641994
Anomaly Detection in Rotary Equipment using hybrid model with HGSO Optimization,https://scholar.google.com/citations?view_op=view_citation&hl=en&user=qX-0prYAAAAJ&pagesize=100&citation_for_view=qX-0prYAAAAJ:5ugPr518TE4C,qX-0prYAAAAJ:5ugPr518TE4C,"V Sangeetha, K Theertha, C Vishnupriya, SD Varsha, R Tanupriya, ...","2024 IEEE International Conference on Electronics, Computing and …, 2024",2024,2.0,https://scholar.google.com/scholar?oi=bibs&hl=en&cites=2720260114972498910,https://serpapi.com/search.json?cites=2720260114972498910&engine=google_scholar&hl=en,2720260114972498910
Managing and Controlling the COVID-19 Pandemic: The Role of Humanoid Robots,https://scholar.google.com/citations?view_op=view_citation&hl=en&user=qX-0prYAAAAJ&pagesize=100&citation_for_view=qX-0prYAAAAJ:mvPsJ3kp5DgC,qX-0prYAAAAJ:mvPsJ3kp5DgC,"A Mamatha, V Sangeetha, A Parkavi, PK Sreelatha","Modelling of Virtual Worlds Using the Internet of Things, 198-216, 2024",2024,2.0,https://scholar.google.com/scholar?oi=bibs&hl=en&cites=421291429426501577,https://serpapi.com/search.json?cites=421291429426501577&engine=google_scholar&hl=en,421291429426501577
Artificial intelligence in medical and healthcare service: Applications and challenges,https://scholar.google.com/citations?view_op=view_citation&hl=en&user=qX-0prYAAAAJ&pagesize=100&citation_for_view=qX-0prYAAAAJ:8AbLer7MMksC,qX-0prYAAAAJ:8AbLer7MMksC,"V Sangeetha, A Mamatha, M Vaneeta, K Beena","Modern Healthcare Marketing in the Digital Era, 116-130, 2024",2024,2.0,https://scholar.google.com/scholar?oi=bibs&hl=en&cites=12128537126931058833,https://serpapi.com/search.json?cites=12128537126931058833&engine=google_scholar&hl=en,12128537126931058833
Tamper proof air quality management system using blockchain,https://scholar.google.com/citations?view_op=view_citation&hl=en&user=qX-0prYAAAAJ&pagesize=100&citation_for_view=qX-0prYAAAAJ:LPZeul_q3PIC,qX-0prYAAAAJ:LPZeul_q3PIC,"M Vaneeta, SR Deepa, V Sangeetha, K Naganna, KS Vasisht, J Ashwini, ...","International Journal of Advanced Computer Science and Applications 14 (2), 2023",2023,2.0,https://scholar.google.com/scholar?oi=bibs&hl=en&cites=4200731622840031462,https://serpapi.com/search.json?cites=4200731622840031462&engine=google_scholar&hl=en,4200731622840031462
Survey on security risks in 5G private industrial networks,https://scholar.google.com/citations?view_op=view_citation&hl=en&user=qX-0prYAAAAJ&pagesize=100&citation_for_view=qX-0prYAAAAJ:WbkHhVStYXYC,qX-0prYAAAAJ:WbkHhVStYXYC,"GV Pavan, V Sangeetha","2022 4th International Conference on Circuits, Control, Communication and …, 2022",2022,2.0,https://scholar.google.com/scholar?oi=bibs&hl=en&cites=2400901641373096728,https://serpapi.com/search.json?cites=2400901641373096728&engine=google_scholar&hl=en,2400901641373096728
Feedback collection and sentiment analysis on the product reviews,https://scholar.google.com/citations?view_op=view_citation&hl=en&user=qX-0prYAAAAJ&pagesize=100&citation_for_view=qX-0prYAAAAJ:1sJd4Hv_s6UC,qX-0prYAAAAJ:1sJd4Hv_s6UC,"P Sunagar, DA Naik, V Sangeetha, A Kanavalli, S Seema","2021 IEEE international conference on mobile networks and wireless …, 2021",2021,2.0,https://scholar.google.com/scholar?oi=bibs&hl=en&cites=1820749801930641760,https://serpapi.com/search.json?cites=1820749801930641760&engine=google_scholar&hl=en,1820749801930641760
"Arecanut Disease Prediction Using MobileNet V2, ResNet and VGG-16 Framework",https://scholar.google.com/citations?view_op=view_citation&hl=en&user=qX-0prYAAAAJ&pagesize=100&citation_for_view=qX-0prYAAAAJ:WA5NYHcadZ8C,qX-0prYAAAAJ:WA5NYHcadZ8C,"K Beena, V Sangeetha, GD Nidhi, S Varshini, KN Yogesh","2024 4th International Conference on Ubiquitous Computing and Intelligent …, 2024",2024,1.0,https://scholar.google.com/scholar?oi=bibs&hl=en&cites=6977732687495620203,https://serpapi.com/search.json?cites=6977732687495620203&engine=google_scholar&hl=en,6977732687495620203
Integrating deep learning with ensemble approach for anomaly detection in network traffic,https://scholar.google.com/citations?view_op=view_citation&hl=en&user=qX-0prYAAAAJ&pagesize=100&citation_for_view=qX-0prYAAAAJ:Mojj43d5GZwC,qX-0prYAAAAJ:Mojj43d5GZwC,"V Sangeetha, RCA Naidu, A Bhat, P Kulkarni","2024 4th International Conference on Mobile Networks and Wireless …, 2024",2024,1.0,https://scholar.google.com/scholar?oi=bibs&hl=en&cites=2467332722027920334,https://serpapi.com/search.json?cites=2467332722027920334&engine=google_scholar&hl=en,2467332722027920334
Multiclass Bird Species Identification using Deep Learning Techniques,https://scholar.google.com/citations?view_op=view_citation&hl=en&user=qX-0prYAAAAJ&pagesize=100&citation_for_view=qX-0prYAAAAJ:bnK-pcrLprsC,qX-0prYAAAAJ:bnK-pcrLprsC,"PD SS, ML Jayanth, V Sangeetha","2024 IEEE International Conference on Electronics, Computing and …, 2024",2024,1.0,https://scholar.google.com/scholar?oi=bibs&hl=en&cites=9479545185982360603,https://serpapi.com/search.json?cites=9479545185982360603&engine=google_scholar&hl=en,9479545185982360603
Enhance fault identification in rotary equipment using Machine Learning algorithms,https://scholar.google.com/citations?view_op=view_citation&hl=en&user=qX-0prYAAAAJ&pagesize=100&citation_for_view=qX-0prYAAAAJ:V3AGJWp-ZtQC,qX-0prYAAAAJ:V3AGJWp-ZtQC,"V Sangeetha, SS Chaudhari, R Tanupriya, K Theertha, SD Varsha, ...","2024 5th International Conference on Innovative Trends in Information …, 2024",2024,1.0,https://scholar.google.com/scholar?oi=bibs&hl=en&cites=5314755476722662969,https://serpapi.com/search.json?cites=5314755476722662969&engine=google_scholar&hl=en,5314755476722662969
"Unified blockchain platform for charitable donations, crowdfunding and CSR",https://scholar.google.com/citations?view_op=view_citation&hl=en&user=qX-0prYAAAAJ&pagesize=100&citation_for_view=qX-0prYAAAAJ:q3oQSFYPqjQC,qX-0prYAAAAJ:q3oQSFYPqjQC,"V Sangeetha, A Dargar, J Jariwala, RH Rai, S Agarwala","2024 International Conference on Distributed Computing and Optimization …, 2024",2024,1.0,https://scholar.google.com/scholar?oi=bibs&hl=en&cites=7618199627640641835,https://serpapi.com/search.json?cites=7618199627640641835&engine=google_scholar&hl=en,7618199627640641835
Email protection in the digital age: Evaluating symmetric cryptographic algorithms,https://scholar.google.com/citations?view_op=view_citation&hl=en&user=qX-0prYAAAAJ&pagesize=100&citation_for_view=qX-0prYAAAAJ:BrmTIyaxlBUC,qX-0prYAAAAJ:BrmTIyaxlBUC,"V Sangeetha, KS Rokhade, NB Vijayalakshmi","2024 International Conference on Intelligent and Innovative Technologies in …, 2024",2024,1.0,https://scholar.google.com/scholar?oi=bibs&hl=en&cites=18367690218592242256,https://serpapi.com/search.json?cites=18367690218592242256&engine=google_scholar&hl=en,18367690218592242256
Exploration on Breast Cancer Prediction and Recurrence Diagnosis Using Bio-Inspired Algorithms,https://scholar.google.com/citations?view_op=view_citation&hl=en&user=qX-0prYAAAAJ&pagesize=100&citation_for_view=qX-0prYAAAAJ:sSrBHYA8nusC,qX-0prYAAAAJ:sSrBHYA8nusC,"J Jeevitha, V Sangeetha","International Conference on Soft Computing for Security Applications, 593-607, 2023",2023,1.0,https://scholar.google.com/scholar?oi=bibs&hl=en&cites=14461729500770688124,https://serpapi.com/search.json?cites=14461729500770688124&engine=google_scholar&hl=en,14461729500770688124
A case study on design of Covid-19 detection and alerting system using machine learning techniques,https://scholar.google.com/citations?view_op=view_citation&hl=en&user=qX-0prYAAAAJ&pagesize=100&citation_for_view=qX-0prYAAAAJ:CHSYGLWDkRkC,qX-0prYAAAAJ:CHSYGLWDkRkC,"A Parkavi, V Sangeetha, SA Alex, AS Mustafa","Webology 19 (1), 1358-1386, 2022",2022,1.0,https://scholar.google.com/scholar?oi=bibs&hl=en&cites=16527995311241212424,https://serpapi.com/search.json?cites=16527995311241212424&engine=google_scholar&hl=en,16527995311241212424
Efficient two-layer image protection with wavelet transform compression,https://scholar.google.com/citations?view_op=view_citation&hl=en&user=qX-0prYAAAAJ&pagesize=100&citation_for_view=qX-0prYAAAAJ:abG-DnoFyZgC,qX-0prYAAAAJ:abG-DnoFyZgC,"M Vaneeta, V Sangeetha, S Swapna Kumar","Innovative Data Communication Technologies and Application: Proceedings of …, 2021",2021,1.0,https://scholar.google.com/scholar?oi=bibs&hl=en&cites=9358951643566426746,https://serpapi.com/search.json?cites=9358951643566426746&engine=google_scholar&hl=en,9358951643566426746
OFFENSIVE AND DEFENSIVE ARTIFICIAL INTELLIGENCE IN CYBERSPACE,https://scholar.google.com/citations?view_op=view_citation&hl=en&user=qX-0prYAAAAJ&pagesize=100&citation_for_view=qX-0prYAAAAJ:dTyEYWd-f8wC,qX-0prYAAAAJ:dTyEYWd-f8wC,"A PARKAVI, SA ALEX, V SANGEETHA, SG SUBRAMANYA","Attacks on Artificial Intelligence: The New Facets of Cyber Ecospace, 29, 2025",2025,,,,
AI-Watch: Smart Surveillance for Farm Animal Detection and Security,https://scholar.google.com/citations?view_op=view_citation&hl=en&user=qX-0prYAAAAJ&pagesize=100&citation_for_view=qX-0prYAAAAJ:LjlpjdlvIbIC,qX-0prYAAAAJ:LjlpjdlvIbIC,"K Natikar, V Sangeetha, MA Patel, HR Ranjitha, MA Kuldeep","2025 9th International Conference on Inventive Systems and Control (ICISC …, 2025",2025,,,,
Deep Learning-Based Ship Detection and Classification in SAR Images Using CNN and Flask Web Integration,https://scholar.google.com/citations?view_op=view_citation&hl=en&user=qX-0prYAAAAJ&pagesize=100&citation_for_view=qX-0prYAAAAJ:WqliGbK-hY8C,qX-0prYAAAAJ:WqliGbK-hY8C,"V Sangeetha, S Divya, R Bhoomika, P Rakshitha","2025 Third International Conference on Networks, Multimedia and Information …, 2025",2025,,,,
Sequence-Based Image Prediction using GAN and LSTM,https://scholar.google.com/citations?view_op=view_citation&hl=en&user=qX-0prYAAAAJ&pagesize=100&citation_for_view=qX-0prYAAAAJ:5awf1xo2G04C,qX-0prYAAAAJ:5awf1xo2G04C,"NK Rohidekar, VS Sachan, Mishu","2025 Third International Conference on Networks, Multimedia and Information …, 2025",2025,,,,
A Hybrid Convolutional and Graph Attention Network Architecture for the Classification of Fetal Brain Abnormalities,https://scholar.google.com/citations?view_op=view_citation&hl=en&user=qX-0prYAAAAJ&pagesize=100&citation_for_view=qX-0prYAAAAJ:eq2jaN3J8jMC,qX-0prYAAAAJ:eq2jaN3J8jMC,"GD Nidhi, A Mamatha, V Sangeetha","2025 6th International Conference on Inventive Research in Computing …, 2025",2025,,,,
"Deep Learning-Based Waste Segregation: A Performance Evaluation of ResNet, CNN and VGG16",https://scholar.google.com/citations?view_op=view_citation&hl=en&user=qX-0prYAAAAJ&pagesize=100&citation_for_view=qX-0prYAAAAJ:SdhP9T11ey4C,qX-0prYAAAAJ:SdhP9T11ey4C,"BN Nagashri, V Sangeetha","2025 6th International Conference on Inventive Research in Computing …, 2025",2025,,,,
A Machine Learning-Based Framework for Efficient Driver Behavior Classification in VANETs,https://scholar.google.com/citations?view_op=view_citation&hl=en&user=qX-0prYAAAAJ&pagesize=100&citation_for_view=qX-0prYAAAAJ:9vf0nzSNQJEC,qX-0prYAAAAJ:9vf0nzSNQJEC,"NB Vijayalakshmi, V Sangeetha, K Natikar","2025 International Conference on Knowledge Engineering and Communication …, 2025",2025,,,,
Neural Network approach for Resource Allocation and Traffic Management in 6G Networks,https://scholar.google.com/citations?view_op=view_citation&hl=en&user=qX-0prYAAAAJ&pagesize=100&citation_for_view=qX-0prYAAAAJ:PELIpwtuRlgC,qX-0prYAAAAJ:PELIpwtuRlgC,"HB Priyanka, V Sangeetha","2025 International Conference on Wireless Communications Signal Processing …, 2025",2025,,,,
Mutual funds NAV and investment suggestions using deep learning and NLP,https://scholar.google.com/citations?view_op=view_citation&hl=en&user=qX-0prYAAAAJ&pagesize=100&citation_for_view=qX-0prYAAAAJ:HE397vMXCloC,qX-0prYAAAAJ:HE397vMXCloC,"V Sangeetha, A Parkavi, I Pani, K Yasaswini, B Nikita, A Bhattacharjee","Data Science & Exploration in Artificial Intelligence, 76-82, 2025",2025,,,,
Intelligent Question Generator System using Natural Language Processing,https://scholar.google.com/citations?view_op=view_citation&hl=en&user=qX-0prYAAAAJ&pagesize=100&citation_for_view=qX-0prYAAAAJ:Y5dfb0dijaUC,qX-0prYAAAAJ:Y5dfb0dijaUC,"V Sangeetha, I Pani, A Sharma, C Kanchana, RS Siddarth","2025 International Conference on Intelligent and Innovative Technologies in …, 2025",2025,,,,
Early Detection of Breast Cancer Recurrence using Machine Learning for Improved Patient Outcomes,https://scholar.google.com/citations?view_op=view_citation&hl=en&user=qX-0prYAAAAJ&pagesize=100&citation_for_view=qX-0prYAAAAJ:eMMeJKvmdy0C,qX-0prYAAAAJ:eMMeJKvmdy0C,"S Hugar, V Sangeetha","2025 International Conference on Intelligent and Innovative Technologies in …, 2025",2025,,,,
"Virtual Reality for Healthcare and Branding: Applications, Impact, and Ethics",https://scholar.google.com/citations?view_op=view_citation&hl=en&user=qX-0prYAAAAJ&pagesize=100&citation_for_view=qX-0prYAAAAJ:JoZmwDi-zQgC,qX-0prYAAAAJ:JoZmwDi-zQgC,"V Sangeetha, K Natikar","Brand Creation and Management in the Phygital Era, 521-540, 2025",2025,,,,
The Integration of Artificial Intelligence for Advanced Social Marketing Strategies,https://scholar.google.com/citations?view_op=view_citation&hl=en&user=qX-0prYAAAAJ&pagesize=100&citation_for_view=qX-0prYAAAAJ:olpn-zPbct0C,qX-0prYAAAAJ:olpn-zPbct0C,"V Sangeetha, SSP Darshan, ML Jayanth","Phygital Approaches to Social Marketing, 67-90, 2025",2025,,,,
Breast Cancer Classification using Logistic Regression: An Efficient and Scalable Approach,https://scholar.google.com/citations?view_op=view_citation&hl=en&user=qX-0prYAAAAJ&pagesize=100&citation_for_view=qX-0prYAAAAJ:tkaPQYYpVKoC,qX-0prYAAAAJ:tkaPQYYpVKoC,"S Hugar, V Sangeetha","2024 8th International Conference on Computational System and Information …, 2024",2024,,,,
Optimizing Judicial Efficiency-A Software Solution for Case Listing with Customized Case Flow Management,https://scholar.google.com/citations?view_op=view_citation&hl=en&user=qX-0prYAAAAJ&pagesize=100&citation_for_view=qX-0prYAAAAJ:t6usbXjVLHcC,qX-0prYAAAAJ:t6usbXjVLHcC,"V Sangeetha, I Pani, J Jariwala, A Dargar, RH Rai, S Agarwala","2024 8th International Conference on Computational System and Information …, 2024",2024,,,,
Communication Assistance for Blind and Deaf using Natural Language Processing,https://scholar.google.com/citations?view_op=view_citation&hl=en&user=qX-0prYAAAAJ&pagesize=100&citation_for_view=qX-0prYAAAAJ:wbdj-CoPYUoC,qX-0prYAAAAJ:wbdj-CoPYUoC,"V Sangeetha, I Pani, K Yasaswini, B Nikita, A Bhattacharjee","2024 International Conference on Knowledge Engineering and Communication …, 2024",2024,,,,
Revolutionizing Healthcare: Screening system to identify Diseases using Machine learning approach,https://scholar.google.com/citations?view_op=view_citation&hl=en&user=qX-0prYAAAAJ&pagesize=100&citation_for_view=qX-0prYAAAAJ:eflP2zaiRacC,qX-0prYAAAAJ:eflP2zaiRacC,"V Sangeetha, M Vaneeta, M Sinthuja","2024 International Conference on Intelligent and Innovative Technologies in …, 2024",2024,,,,
RSA Cryptosystem with Parallel Thread Execution using Dual Public Keys,https://scholar.google.com/citations?view_op=view_citation&hl=en&user=qX-0prYAAAAJ&pagesize=100&citation_for_view=qX-0prYAAAAJ:D_sINldO8mEC,qX-0prYAAAAJ:D_sINldO8mEC,"V Sangeetha, KS Aisiri, S Bharathi","2024 International Conference on Intelligent and Innovative Technologies in …, 2024",2024,,,,
Hybrid of Solar Energy Harvesting using IoT and WSN Technology,https://scholar.google.com/citations?view_op=view_citation&hl=en&user=qX-0prYAAAAJ&pagesize=100&citation_for_view=qX-0prYAAAAJ:5Ul4iDaHHb8C,qX-0prYAAAAJ:5Ul4iDaHHb8C,"VM S.Swapna Kumar, Sangeetha V","International Journal on Recent and Innovation Trends in Computing and …, 2024",2024,,,,
COVID-19 Spread Prediction Using Prophet and Data Fusion Algorithm,https://scholar.google.com/citations?view_op=view_citation&hl=en&user=qX-0prYAAAAJ&pagesize=100&citation_for_view=qX-0prYAAAAJ:xtRiw3GOFMkC,qX-0prYAAAAJ:xtRiw3GOFMkC,"V Sangeetha, D Evangeline, M Sinthuja","Deep Learning Applications for Cyber-Physical Systems, 1-16, 2022",2022,,,,
A Novel Approach to Analyze Pranayama through Machine Learning Techniques,https://scholar.google.com/citations?view_op=view_citation&hl=en&user=qX-0prYAAAAJ&pagesize=100&citation_for_view=qX-0prYAAAAJ:EUQCXRtRnyEC,qX-0prYAAAAJ:EUQCXRtRnyEC,"A Parkavi, V Sangeetha, GR Amith, BK Harini, M Supriya, KN Tejasvini","New Approaches in Engineering Research Vol. 12, 66-79, 2021",2021,,,,
An Iot Based Smart Helmet To Prevent Road Accidents,https://scholar.google.com/citations?view_op=view_citation&hl=en&user=qX-0prYAAAAJ&pagesize=100&citation_for_view=qX-0prYAAAAJ:a0OBvERweLwC,qX-0prYAAAAJ:a0OBvERweLwC,"V Sangeetha, DA Naik, SA Alex, G Sandhya","Design Engineering, 9396-9404, 2021",2021,,,,
A Novel Secure Authentication Scheme for VANETs based Intelligent Transportation Systems,https://scholar.google.com/citations?view_op=view_citation&hl=en&user=qX-0prYAAAAJ&pagesize=100&citation_for_view=qX-0prYAAAAJ:D03iK_w7-QYC,qX-0prYAAAAJ:D03iK_w7-QYC,"HN Vivek, V Sangeetha","Design Engineering, 8410-8422, 2021",2021,,,,
Renewable Energy Harvesting Inverter using Supercapacitor,https://scholar.google.com/citations?view_op=view_citation&hl=en&user=qX-0prYAAAAJ&pagesize=100&citation_for_view=qX-0prYAAAAJ:b0M2c_1WBrUC,qX-0prYAAAAJ:b0M2c_1WBrUC,"S Vb, SS Kumar",,2021,,,,
Chapter-1 Simulations Based Course Conductions and Assessments in Computer Science and Engineering Discipline,https://scholar.google.com/citations?view_op=view_citation&hl=en&user=qX-0prYAAAAJ&pagesize=100&citation_for_view=qX-0prYAAAAJ:geHnlv5EZngC,qX-0prYAAAAJ:geHnlv5EZngC,A Parkavi,"Recent Trends In Education, 1, 2021",2021,,,,
A Smartphone Based Application for Health Catr Management Svs Tem,https://scholar.google.com/citations?view_op=view_citation&hl=en&user=qX-0prYAAAAJ&pagesize=100&citation_for_view=qX-0prYAAAAJ:pyW8ca7W8N0C,qX-0prYAAAAJ:pyW8ca7W8N0C,"P HV, SS Koushik, N SC, N MN",,2020,,,,
Probabilistic Framework for Assessing the Threat Level using Novel Decision Constructs in Mobile Adhoc Network.,https://scholar.google.com/citations?view_op=view_citation&hl=en&user=qX-0prYAAAAJ&pagesize=100&citation_for_view=qX-0prYAAAAJ:NaGl4SEjCO4C,qX-0prYAAAAJ:NaGl4SEjCO4C,"V Sangeetha, SS Kumar","Int. J. Netw. Secur. 20 (6), 1085-1092, 2018",2018,,,,
Hand Sign Communication System for Hearing Imparied,https://scholar.google.com/citations?view_op=view_citation&hl=en&user=qX-0prYAAAAJ&pagesize=100&citation_for_view=qX-0prYAAAAJ:tOudhMTPpwUC,qX-0prYAAAAJ:tOudhMTPpwUC,"SV Mamatha A Deepa S R,Vaneeta M","International Journal of Engineering Research & Technology (IJERT) 3 (16), 1-5, 2015",2015,,,,
Detecting Malicious Data Using Fidget,https://scholar.google.com/citations?view_op=view_citation&hl=en&user=qX-0prYAAAAJ&pagesize=100&citation_for_view=qX-0prYAAAAJ:bFI3QPDXJZMC,qX-0prYAAAAJ:bFI3QPDXJZMC,"V Manjula, P Purohit, P Purohit, SV NishantNishu",,,,,,
