﻿title,link,citation_id,authors,publication,year,cited_by.value,cited_by.link,cited_by.serpapi_link,cited_by.cites_id
Automatic Waste Management and segregation system using IoT,https://scholar.google.com/citations?view_op=view_citation&hl=en&user=JPlI3zYAAAAJ&pagesize=100&citation_for_view=JPlI3zYAAAAJ:qjMakFHDy7sC,JPlI3zYAAAAJ:qjMakFHDy7sC,"AM Namratha, S Nandini, K Nanditha, C Meghashree, G Manjula","International Journal of Engineering and Technology, NCCDS-2021 Conference …, 2021",2021,11.0,https://scholar.google.com/scholar?oi=bibs&hl=en&cites=16078568024734130296,https://serpapi.com/search.json?cites=16078568024734130296&engine=google_scholar&hl=en,16078568024734130296
Exploring the Landscape: A Comprehensive Survey of Blockchain Applications and Innovations,https://scholar.google.com/citations?view_op=view_citation&hl=en&user=JPlI3zYAAAAJ&pagesize=100&citation_for_view=JPlI3zYAAAAJ:9yKSN-GCB0IC,JPlI3zYAAAAJ:9yKSN-GCB0IC,"A Parkavi, SB Nandini, DS Chetan","Research Updates in Mathematics and Computer Science 61, 61-67, 2024",2024,1.0,https://scholar.google.com/scholar?oi=bibs&hl=en&cites=144351342677422710,https://serpapi.com/search.json?cites=144351342677422710&engine=google_scholar&hl=en,144351342677422710
Lightweight HTTP Flood Defense in SDN with Time-Based Analysis,https://scholar.google.com/citations?view_op=view_citation&hl=en&user=JPlI3zYAAAAJ&pagesize=100&citation_for_view=JPlI3zYAAAAJ:d1gkVwhDpl0C,JPlI3zYAAAAJ:d1gkVwhDpl0C,"KP Nandini S B, Vishwachetan D, Sumanth B, Akshat Pathak, Shahina Banu","European chemical bulletein 10 (12), 7, 2023",2023,,,,
Year of Publication: 2015,https://scholar.google.com/citations?view_op=view_citation&hl=en&user=JPlI3zYAAAAJ&pagesize=100&citation_for_view=JPlI3zYAAAAJ:u5HHmVD_uO8C,JPlI3zYAAAAJ:u5HHmVD_uO8C,"SB Nandini, N Shankaraiah, MN Jayaram",,2015,,,,
Eco Friendly Waste Solution: A Path to Responsible Resource Management,https://scholar.google.com/citations?view_op=view_citation&hl=en&user=JPlI3zYAAAAJ&pagesize=100&citation_for_view=JPlI3zYAAAAJ:2osOgNQ5qMEC,JPlI3zYAAAAJ:2osOgNQ5qMEC,SB Nandini,,,,,,
Privacy Protection of Data in Cloud by Destroying Data at Predefined Time,https://scholar.google.com/citations?view_op=view_citation&hl=en&user=JPlI3zYAAAAJ&pagesize=100&citation_for_view=JPlI3zYAAAAJ:u-x6o8ySG0sC,JPlI3zYAAAAJ:u-x6o8ySG0sC,"SB Nandini, N Shankaraiah, MN Jayaram","International Journal of Computer Applications 975, 8887, 0",,,,,
