﻿title,link,citation_id,authors,publication,year,cited_by.value,cited_by.link,cited_by.serpapi_link,cited_by.cites_id
"An empirical evaluation of machine learning techniques for pneumonia detection: Binary logistic regression, k-NN, SVM, MLP, and neural network comparative analysis",https://scholar.google.com/citations?view_op=view_citation&hl=en&user=lWIfKEcAAAAJ&pagesize=100&citation_for_view=lWIfKEcAAAAJ:d1gkVwhDpl0C,lWIfKEcAAAAJ:d1gkVwhDpl0C,"G Brunda, U Sulthana, DA Naik","Computer Science Engineering, 219-230, 2024",2024,1.0,https://scholar.google.com/scholar?oi=bibs&hl=en&cites=17448447108619972104,https://serpapi.com/search.json?cites=17448447108619972104&engine=google_scholar&hl=en,17448447108619972104
Enhancing educational content interaction: A case study on the integration of annotation and video recommendation systems,https://scholar.google.com/citations?view_op=view_citation&hl=en&user=lWIfKEcAAAAJ&pagesize=100&citation_for_view=lWIfKEcAAAAJ:u5HHmVD_uO8C,lWIfKEcAAAAJ:u5HHmVD_uO8C,"P Tp, U Sulthana, A Parkavi","2024 IEEE 9th International Conference for Convergence in Technology (I2CT), 1-5, 2024",2024,1.0,https://scholar.google.com/scholar?oi=bibs&hl=en&cites=17868697723059353448,https://serpapi.com/search.json?cites=17868697723059353448&engine=google_scholar&hl=en,17868697723059353448
A Block Chain-Based Digital Asset Management System for Collaborative,https://scholar.google.com/citations?view_op=view_citation&hl=en&user=lWIfKEcAAAAJ&pagesize=100&citation_for_view=lWIfKEcAAAAJ:9yKSN-GCB0IC,lWIfKEcAAAAJ:9yKSN-GCB0IC,"A Mamatha, M Vaneeta, U Sulthana, J Ranjitha","Proceedings of International Conference on Information Technology and …, 2025",2025,,,,
Analysis of Lesson Plans and Assessment Results to Enhance Teaching and Learning Strategies,https://scholar.google.com/citations?view_op=view_citation&hl=en&user=lWIfKEcAAAAJ&pagesize=100&citation_for_view=lWIfKEcAAAAJ:u-x6o8ySG0sC,lWIfKEcAAAAJ:u-x6o8ySG0sC,"DPA Ayan Sadiqali Nadaf , Uzma Sulthana","5th International Conference on Pervasive Computing and Social Networking …, 2025",2025,,,,
A Block Chain-Based Digital Asset Management System for Collaborative Transactions,https://scholar.google.com/citations?view_op=view_citation&hl=en&user=lWIfKEcAAAAJ&pagesize=100&citation_for_view=lWIfKEcAAAAJ:2osOgNQ5qMEC,lWIfKEcAAAAJ:2osOgNQ5qMEC,"A Mamatha, M Vaneeta, U Sulthana, J Ranjitha, SM Pasha","International Conference on Information Technology and Intelligence, 13-24, 2024",2024,,,,
