﻿title,link,citation_id,authors,publication,year,cited_by.value,cited_by.link,cited_by.serpapi_link,cited_by.cites_id
Kannada handwritten word conversion to electronic textual format using HMM model,https://scholar.google.com/citations?view_op=view_citation&hl=en&user=iZpKmYEAAAAJ&pagesize=100&citation_for_view=iZpKmYEAAAAJ:2osOgNQ5qMEC,iZpKmYEAAAAJ:2osOgNQ5qMEC,"A Sushma, GS Veena","2016 International conference on computation system and information …, 2016",2016,11.0,https://scholar.google.com/scholar?oi=bibs&hl=en&cites=3315843916687142418,https://serpapi.com/search.json?cites=3315843916687142418&engine=google_scholar&hl=en,3315843916687142418
Preventive effect of some indigenous drugs on experimental goitre in rats,https://scholar.google.com/citations?view_op=view_citation&hl=en&user=iZpKmYEAAAAJ&pagesize=100&citation_for_view=iZpKmYEAAAAJ:-f6ydRqryjwC,iZpKmYEAAAAJ:-f6ydRqryjwC,"G Veena, C Prasad, KP Singh, KN Udupa","J. Res. Ind. Med 10, 12-18, 1975",1975,11.0,https://scholar.google.com/scholar?oi=bibs&hl=en&cites=10222401804064551220,https://serpapi.com/search.json?cites=10222401804064551220&engine=google_scholar&hl=en,10222401804064551220
Effective analysis and diagnosis of liver disorder,https://scholar.google.com/citations?view_op=view_citation&hl=en&user=iZpKmYEAAAAJ&pagesize=100&citation_for_view=iZpKmYEAAAAJ:Wp0gIr-vW9MC,iZpKmYEAAAAJ:Wp0gIr-vW9MC,"GS Veena, D Sneha, D Basavaraju, T Tanvi","2018 International Conference on Communication and Signal Processing (ICCSP …, 2018",2018,10.0,https://scholar.google.com/scholar?oi=bibs&hl=en&cites=13018917462749278823,https://serpapi.com/search.json?cites=13018917462749278823&engine=google_scholar&hl=en,13018917462749278823
"Prediction of liver disease using Rprop, SAG and CNN",https://scholar.google.com/citations?view_op=view_citation&hl=en&user=iZpKmYEAAAAJ&pagesize=100&citation_for_view=iZpKmYEAAAAJ:ZeXyd9-uunAC,iZpKmYEAAAAJ:ZeXyd9-uunAC,"DH Belavigi, GS Veena, D Harekal","Int. J. Innov. Technol. Expl. Eng. IJITEE 8, 3290-3295, 2019",2019,4.0,https://scholar.google.com/scholar?oi=bibs&hl=en&cites=14277611602464454468,https://serpapi.com/search.json?cites=14277611602464454468&engine=google_scholar&hl=en,14277611602464454468
Handwritten off-line Kannada character/word recognition using hidden Markov model,https://scholar.google.com/citations?view_op=view_citation&hl=en&user=iZpKmYEAAAAJ&pagesize=100&citation_for_view=iZpKmYEAAAAJ:9yKSN-GCB0IC,iZpKmYEAAAAJ:9yKSN-GCB0IC,"GS Veena, TNR Kumar, A Sushma","Proceedings of International Conference on Cognition and Recognition: ICCR …, 2017",2017,4.0,https://scholar.google.com/scholar?oi=bibs&hl=en&cites=12145010802985518834,https://serpapi.com/search.json?cites=12145010802985518834&engine=google_scholar&hl=en,12145010802985518834
Biometric Based Attendance Management System using Cloud,https://scholar.google.com/citations?view_op=view_citation&hl=en&user=iZpKmYEAAAAJ&pagesize=100&citation_for_view=iZpKmYEAAAAJ:hC7cP41nSMkC,iZpKmYEAAAAJ:hC7cP41nSMkC,"M Narendra, GS Veena, D Harekal, JS Kallimani","International Journal of Advanced Science and Technology 29 (3s), 130-138, 2020",2020,3.0,https://scholar.google.com/scholar?oi=bibs&hl=en&cites=10520617677471856208,https://serpapi.com/search.json?cites=10520617677471856208&engine=google_scholar&hl=en,10520617677471856208
License Plate Recognition System using YOLO and Mask R-CNN.,https://scholar.google.com/citations?view_op=view_citation&hl=en&user=iZpKmYEAAAAJ&pagesize=100&citation_for_view=iZpKmYEAAAAJ:L8Ckcad2t8MC,iZpKmYEAAAAJ:L8Ckcad2t8MC,"V GS, D Harekal","Turkish Online Journal of Qualitative Inquiry 12 (9), 2021",2021,2.0,https://scholar.google.com/scholar?oi=bibs&hl=en&cites=13900793587461929368,https://serpapi.com/search.json?cites=13900793587461929368&engine=google_scholar&hl=en,13900793587461929368
Reaug an implemented augmented reality enabled scanner for restaurants,https://scholar.google.com/citations?view_op=view_citation&hl=en&user=iZpKmYEAAAAJ&pagesize=100&citation_for_view=iZpKmYEAAAAJ:dhFuZR0502QC,iZpKmYEAAAAJ:dhFuZR0502QC,"D Harekal, GS Veena, A Goyal, R Sinha","International Journal of Innovative Technology and Exploring Engineering 8 …, 2019",2019,2.0,https://scholar.google.com/scholar?oi=bibs&hl=en&cites=12395224546161018796,https://serpapi.com/search.json?cites=12395224546161018796&engine=google_scholar&hl=en,12395224546161018796
"International Proceedings on Advances in Soft Computing, Intelligent Systems and Applications: ASISA 2016",https://scholar.google.com/citations?view_op=view_citation&hl=en&user=iZpKmYEAAAAJ&pagesize=100&citation_for_view=iZpKmYEAAAAJ:4TOpqqG69KYC,iZpKmYEAAAAJ:4TOpqqG69KYC,"MS Reddy, K Viswanath, SP KM","Springer Singapore, 2018",2018,2.0,https://scholar.google.com/scholar?oi=bibs&hl=en&cites=11984553632007088410,https://serpapi.com/search.json?cites=11984553632007088410&engine=google_scholar&hl=en,11984553632007088410
Veena,https://scholar.google.com/citations?view_op=view_citation&hl=en&user=iZpKmYEAAAAJ&pagesize=100&citation_for_view=iZpKmYEAAAAJ:7PzlFSSx8tAC,iZpKmYEAAAAJ:7PzlFSSx8tAC,A Sushma,"GS,“Kannada Handwritten Word Conversion to Electronic Textual Format Using …, 2016",2016,2.0,https://scholar.google.com/scholar?oi=bibs&hl=en&cites=13687177159220605708,https://serpapi.com/search.json?cites=13687177159220605708&engine=google_scholar&hl=en,13687177159220605708
Automatic Generation of Description for Images Using Recurrent Neural Network,https://scholar.google.com/citations?view_op=view_citation&hl=en&user=iZpKmYEAAAAJ&pagesize=100&citation_for_view=iZpKmYEAAAAJ:4DMP91E08xMC,iZpKmYEAAAAJ:4DMP91E08xMC,"GS Veena, S Patil, TNR Kumar","Computing and Network Sustainability, 413-423, 2019",2019,1.0,https://scholar.google.com/scholar?oi=bibs&hl=en&cites=7569293255477148806,https://serpapi.com/search.json?cites=7569293255477148806&engine=google_scholar&hl=en,7569293255477148806
A survey on in-domain and cross-domain image classification using surf features,https://scholar.google.com/citations?view_op=view_citation&hl=en&user=iZpKmYEAAAAJ&pagesize=100&citation_for_view=iZpKmYEAAAAJ:LkGwnXOMwfcC,iZpKmYEAAAAJ:LkGwnXOMwfcC,"GS Veena, ND Venkata, MM Goudar, AP Sarashetti, A Acharya","2017 International Conference on Advances in Computing, Communications and …, 2017",2017,1.0,https://scholar.google.com/scholar?oi=bibs&hl=en&cites=14572838636328095576,https://serpapi.com/search.json?cites=14572838636328095576&engine=google_scholar&hl=en,14572838636328095576
Uncovering the nearest neighbours for personal safety,https://scholar.google.com/citations?view_op=view_citation&hl=en&user=iZpKmYEAAAAJ&pagesize=100&citation_for_view=iZpKmYEAAAAJ:M3ejUd6NZC8C,iZpKmYEAAAAJ:M3ejUd6NZC8C,"G Srikrishna, GS Veena","2017 International Conference on Energy, Communication, Data Analytics and …, 2017",2017,1.0,https://scholar.google.com/scholar?oi=bibs&hl=en&cites=10406291047271304205,https://serpapi.com/search.json?cites=10406291047271304205&engine=google_scholar&hl=en,10406291047271304205
Use of hidden markov’s model for handwritten Kannada character recognition,https://scholar.google.com/citations?view_op=view_citation&hl=en&user=iZpKmYEAAAAJ&pagesize=100&citation_for_view=iZpKmYEAAAAJ:WF5omc3nYNoC,iZpKmYEAAAAJ:WF5omc3nYNoC,"AGS Akshay Parvatikar, GS Veena","Int J Comput Sci Inform Technol 6 (3), 2959-2960G, 2015",2015,1.0,https://scholar.google.com/scholar?oi=bibs&hl=en&cites=13396372323391572172,https://serpapi.com/search.json?cites=13396372323391572172&engine=google_scholar&hl=en,13396372323391572172
Automatic Theft Security System (Smart Surveillance Camera),https://scholar.google.com/citations?view_op=view_citation&hl=en&user=iZpKmYEAAAAJ&pagesize=100&citation_for_view=iZpKmYEAAAAJ:YsMSGLbcyi4C,iZpKmYEAAAAJ:YsMSGLbcyi4C,"GS Veena, C Prasad, K Khaleel","Computer Science & Information Technology (CS & IT), Natarajan Meghanathan …, 2013",2013,1.0,https://scholar.google.com/scholar?oi=bibs&hl=en&cites=6504346644794423450,https://serpapi.com/search.json?cites=6504346644794423450&engine=google_scholar&hl=en,6504346644794423450
Fruit-CNN: A Fruit Classification and Quality Assessment System Using Two-Stack Ensemble Method,https://scholar.google.com/citations?view_op=view_citation&hl=en&user=iZpKmYEAAAAJ&pagesize=100&citation_for_view=iZpKmYEAAAAJ:9ZlFYXVOiuMC,iZpKmYEAAAAJ:9ZlFYXVOiuMC,"ST Meti, GS Veena","2024 15th International Conference on Computing Communication and Networking …, 2024",2024,,,,
Convolutional Neural Network-Based Real-Time Kannada Sign Language Detection,https://scholar.google.com/citations?view_op=view_citation&hl=en&user=iZpKmYEAAAAJ&pagesize=100&citation_for_view=iZpKmYEAAAAJ:IWHjjKOFINEC,iZpKmYEAAAAJ:IWHjjKOFINEC,"GS Veena, A Mamatha, S Agrawal, ML Sinchana, SJ Lobo","International Conference on Power Engineering and Intelligent Systems (PEIS …, 2023",2023,,,,
Proceedings of International Conference on Cognition and Recognition,https://scholar.google.com/citations?view_op=view_citation&hl=en&user=iZpKmYEAAAAJ&pagesize=100&citation_for_view=iZpKmYEAAAAJ:aqlVkmm33-oC,iZpKmYEAAAAJ:aqlVkmm33-oC,"DS Guru, T Vasudev, HK Chethan, YHS Kumar","Springer, 2018",2018,,,,
Discovering Frequent Itemsets Over Event Logs Using ECLAT Algorithm,https://scholar.google.com/citations?view_op=view_citation&hl=en&user=iZpKmYEAAAAJ&pagesize=100&citation_for_view=iZpKmYEAAAAJ:UeHWp8X0CEIC,iZpKmYEAAAAJ:UeHWp8X0CEIC,"AS Sundeep, GS Veena","International Proceedings on Advances in Soft Computing, Intelligent Systems …, 2017",2017,,,,
CD-BGRU Net: Detection of Colon Cancer in Histopathology Images Using Bidirectional GRU with EfficientnetB0 Feature Extraction System,https://scholar.google.com/citations?view_op=view_citation&hl=en&user=iZpKmYEAAAAJ&pagesize=100&citation_for_view=iZpKmYEAAAAJ:hFOr9nPyWt4C,iZpKmYEAAAAJ:hFOr9nPyWt4C,"BP Reddy, GS Veena, B Nagarajan, BS Dakhare, VE Pawar",,,,,,
Reaug an Implemented Augmented Reality enabled Scanner for Restaurants,https://scholar.google.com/citations?view_op=view_citation&hl=en&user=iZpKmYEAAAAJ&pagesize=100&citation_for_view=iZpKmYEAAAAJ:qUcmZB5y_30C,iZpKmYEAAAAJ:qUcmZB5y_30C,"VGS Divakar Harekal, A Goyal, R Sinha",,,,,,
Achieving low latency networks through high performance computing,https://scholar.google.com/citations?view_op=view_citation&hl=en&user=iZpKmYEAAAAJ&pagesize=100&citation_for_view=iZpKmYEAAAAJ:QIV2ME_5wuYC,iZpKmYEAAAAJ:QIV2ME_5wuYC,"C Prasad, GS Veena, C Agrawal, R Srivastava",,,,,,
"prediction of liver diseases using RProp,SAG and CNN",https://scholar.google.com/citations?view_op=view_citation&hl=en&user=iZpKmYEAAAAJ&pagesize=100&citation_for_view=iZpKmYEAAAAJ:mVmsd5A6BfQC,iZpKmYEAAAAJ:mVmsd5A6BfQC,"HD Deepa belavagi, Veena G.S",,,,,,
Video Based Crowd Density analysis for Visual Surveillance,https://scholar.google.com/citations?view_op=view_citation&hl=en&user=iZpKmYEAAAAJ&pagesize=100&citation_for_view=iZpKmYEAAAAJ:qxL8FJ1GzNcC,iZpKmYEAAAAJ:qxL8FJ1GzNcC,"OS KATAGI, J DS, V GS",,,,,,
ASISA 2016,https://scholar.google.com/citations?view_op=view_citation&hl=en&user=iZpKmYEAAAAJ&pagesize=100&citation_for_view=iZpKmYEAAAAJ:_kc_bZDykSQC,iZpKmYEAAAAJ:_kc_bZDykSQC,"MS Reddy, K Viswanath, SP KM",,,,,,
