﻿title,link,citation_id,authors,publication,year,cited_by.value,cited_by.link,cited_by.serpapi_link,cited_by.cites_id
Unmasking the ai hand: A machine learning approach to deciphering authorship,https://scholar.google.com/citations?view_op=view_citation&hl=en&user=sxLUjPoAAAAJ&pagesize=100&citation_for_view=sxLUjPoAAAAJ:d1gkVwhDpl0C,sxLUjPoAAAAJ:d1gkVwhDpl0C,"A Bhandarkar, MA DM, A Mushtaq, D Kadam, S Saxena","2024 3rd International Conference for Innovation in Technology (INOCON), 1-6, 2024",2024,2.0,https://scholar.google.com/scholar?oi=bibs&hl=en&cites=16394786067037179154,https://serpapi.com/search.json?cites=16394786067037179154&engine=google_scholar&hl=en,16394786067037179154
An Efficient Approach to Deal with Cyber Bullying using Machine Learning: A Systematic Review,https://scholar.google.com/citations?view_op=view_citation&hl=en&user=sxLUjPoAAAAJ&pagesize=100&citation_for_view=sxLUjPoAAAAJ:u-x6o8ySG0sC,sxLUjPoAAAAJ:u-x6o8ySG0sC,"NK MR, D Vishwachetan, MA DM, KJ Dayananda, KJ Manasa, KV Nanda","2024 Second International Conference on Emerging Trends in Information …, 2024",2024,2.0,https://scholar.google.com/scholar?oi=bibs&hl=en&cites=10514552716096287992,https://serpapi.com/search.json?cites=10514552716096287992&engine=google_scholar&hl=en,10514552716096287992
Deep learning driven web security: Detecting and preventing explicit content,https://scholar.google.com/citations?view_op=view_citation&hl=en&user=sxLUjPoAAAAJ&pagesize=100&citation_for_view=sxLUjPoAAAAJ:u5HHmVD_uO8C,sxLUjPoAAAAJ:u5HHmVD_uO8C,"G Shidaganti, S Kumaran, D Vishwachetan, TBN Shetty","International Journal of Advanced Computer Science and Applications 14 (10), 2023",2023,1.0,https://scholar.google.com/scholar?oi=bibs&hl=en&cites=16717605595566082739,https://serpapi.com/search.json?cites=16717605595566082739&engine=google_scholar&hl=en,16717605595566082739
CUDA-Powered EDSR x4: Super-Resolution for Real-Time Video Enhancement,https://scholar.google.com/citations?view_op=view_citation&hl=en&user=sxLUjPoAAAAJ&pagesize=100&citation_for_view=sxLUjPoAAAAJ:zYLM7Y9cAGgC,sxLUjPoAAAAJ:zYLM7Y9cAGgC,SKVD Ganeshayya Shidaganti,"Journal of Computer Science 21 (6), 1283-1292, 2025",2025,,,,
Improving Students' Understanding of Education Using Generative Adversarial Networks: Bridging Text and Visuals,https://scholar.google.com/citations?view_op=view_citation&hl=en&user=sxLUjPoAAAAJ&pagesize=100&citation_for_view=sxLUjPoAAAAJ:IjCSPb-OGe4C,sxLUjPoAAAAJ:IjCSPb-OGe4C,"GI Shidhaganti, KN Kavyashree, D Vishwachetan","2024 8th International Conference on Computational System and Information …, 2024",2024,,,,
Minds and materials in flight: The dynamic duo of smart materials and machine learning in aerospace evolution,https://scholar.google.com/citations?view_op=view_citation&hl=en&user=sxLUjPoAAAAJ&pagesize=100&citation_for_view=sxLUjPoAAAAJ:UeHWp8X0CEIC,sxLUjPoAAAAJ:UeHWp8X0CEIC,"A Bhandarkar, N Kottam, D Vishwachetan","Advanced Materials in Engineering Applications, 11-22, 0",,,,,
